/*
 Navicat Premium Data Transfer

 Source Server         : localhost
 Source Server Type    : MySQL
 Source Server Version : 50719
 Source Host           : localhost:3306
 Source Schema         : mall

 Target Server Type    : MySQL
 Target Server Version : 50719
 File Encoding         : 65001

 Date: 16/02/2023 15:27:21
*/

SET NAMES utf8mb4;
SET FOREIGN_KEY_CHECKS = 0;

-- ----------------------------
-- Table structure for cms_help
-- ----------------------------
DROP TABLE IF EXISTS `cms_help`;
CREATE TABLE `cms_help`  (
  `id` bigint(20) NOT NULL AUTO_INCREMENT,
  `category_id` bigint(20) NULL DEFAULT NULL,
  `icon` varchar(500) CHARACTER SET utf8 COLLATE utf8_general_ci NULL DEFAULT NULL,
  `title` varchar(100) CHARACTER SET utf8 COLLATE utf8_general_ci NULL DEFAULT NULL,
  `show_status` int(1) NULL DEFAULT NULL,
  `create_time` datetime NULL DEFAULT NULL,
  `read_count` int(1) NULL DEFAULT NULL,
  `content` text CHARACTER SET utf8 COLLATE utf8_general_ci NULL,
  PRIMARY KEY (`id`) USING BTREE
) ENGINE = InnoDB AUTO_INCREMENT = 1 CHARACTER SET = utf8 COLLATE = utf8_general_ci COMMENT = '帮助表' ROW_FORMAT = Dynamic;

-- ----------------------------
-- Records of cms_help
-- ----------------------------

-- ----------------------------
-- Table structure for cms_help_category
-- ----------------------------
DROP TABLE IF EXISTS `cms_help_category`;
CREATE TABLE `cms_help_category`  (
  `id` bigint(20) NOT NULL AUTO_INCREMENT,
  `name` varchar(100) CHARACTER SET utf8 COLLATE utf8_general_ci NULL DEFAULT NULL,
  `icon` varchar(500) CHARACTER SET utf8 COLLATE utf8_general_ci NULL DEFAULT NULL COMMENT '分类图标',
  `help_count` int(11) NULL DEFAULT NULL COMMENT '专题数量',
  `show_status` int(2) NULL DEFAULT NULL,
  `sort` int(11) NULL DEFAULT NULL,
  PRIMARY KEY (`id`) USING BTREE
) ENGINE = InnoDB AUTO_INCREMENT = 1 CHARACTER SET = utf8 COLLATE = utf8_general_ci COMMENT = '帮助分类表' ROW_FORMAT = Dynamic;

-- ----------------------------
-- Records of cms_help_category
-- ----------------------------

-- ----------------------------
-- Table structure for cms_member_report
-- ----------------------------
DROP TABLE IF EXISTS `cms_member_report`;
CREATE TABLE `cms_member_report`  (
  `id` bigint(20) NULL DEFAULT NULL,
  `report_type` int(1) NULL DEFAULT NULL COMMENT '举报类型：0->商品评价；1->话题内容；2->用户评论',
  `report_member_name` varchar(100) CHARACTER SET utf8 COLLATE utf8_general_ci NULL DEFAULT NULL COMMENT '举报人',
  `create_time` datetime NULL DEFAULT NULL,
  `report_object` varchar(100) CHARACTER SET utf8 COLLATE utf8_general_ci NULL DEFAULT NULL,
  `report_status` int(1) NULL DEFAULT NULL COMMENT '举报状态：0->未处理；1->已处理',
  `handle_status` int(1) NULL DEFAULT NULL COMMENT '处理结果：0->无效；1->有效；2->恶意',
  `note` varchar(200) CHARACTER SET utf8 COLLATE utf8_general_ci NULL DEFAULT NULL
) ENGINE = InnoDB CHARACTER SET = utf8 COLLATE = utf8_general_ci COMMENT = '用户举报表' ROW_FORMAT = Dynamic;

-- ----------------------------
-- Records of cms_member_report
-- ----------------------------

-- ----------------------------
-- Table structure for cms_prefrence_area
-- ----------------------------
DROP TABLE IF EXISTS `cms_prefrence_area`;
CREATE TABLE `cms_prefrence_area`  (
  `id` bigint(20) NOT NULL AUTO_INCREMENT,
  `name` varchar(255) CHARACTER SET utf8 COLLATE utf8_general_ci NULL DEFAULT NULL,
  `sub_title` varchar(255) CHARACTER SET utf8 COLLATE utf8_general_ci NULL DEFAULT NULL,
  `pic` varbinary(500) NULL DEFAULT NULL COMMENT '展示图片',
  `sort` int(11) NULL DEFAULT NULL,
  `show_status` int(1) NULL DEFAULT NULL,
  PRIMARY KEY (`id`) USING BTREE
) ENGINE = InnoDB AUTO_INCREMENT = 5 CHARACTER SET = utf8 COLLATE = utf8_general_ci COMMENT = '优选专区' ROW_FORMAT = Dynamic;

-- ----------------------------
-- Records of cms_prefrence_area
-- ----------------------------
INSERT INTO furniture_prefrence_area VALUES (1, '提升空间美观度', '家具设计不打折 完美现场感', NULL, NULL, 1);
INSERT INTO furniture_prefrence_area VALUES (2, '提升空间美观度22', '提升空间美观度22', NULL, NULL, NULL);
INSERT INTO furniture_prefrence_area VALUES (3, '提升空间美观度33', NULL, NULL, NULL, NULL);
INSERT INTO furniture_prefrence_area VALUES (4, '提升空间美观度44', NULL, NULL, NULL, NULL);

-- ----------------------------
-- Table structure for cms_prefrence_area_product_relation
-- ----------------------------
DROP TABLE IF EXISTS `cms_prefrence_area_product_relation`;
CREATE TABLE `cms_prefrence_area_product_relation`  (
  `id` bigint(20) NOT NULL AUTO_INCREMENT,
  `prefrence_area_id` bigint(20) NULL DEFAULT NULL,
  `product_id` bigint(20) NULL DEFAULT NULL,
  PRIMARY KEY (`id`) USING BTREE
) ENGINE = InnoDB AUTO_INCREMENT = 25 CHARACTER SET = utf8 COLLATE = utf8_general_ci COMMENT = '优选专区和产品关系表' ROW_FORMAT = Dynamic;

-- ----------------------------
-- Records of cms_prefrence_area_product_relation
-- ----------------------------
INSERT INTO `cms_prefrence_area_product_relation` VALUES (1, 1, 12);
INSERT INTO `cms_prefrence_area_product_relation` VALUES (2, 1, 13);
INSERT INTO `cms_prefrence_area_product_relation` VALUES (3, 1, 14);
INSERT INTO `cms_prefrence_area_product_relation` VALUES (4, 1, 18);
INSERT INTO `cms_prefrence_area_product_relation` VALUES (5, 1, 7);
INSERT INTO `cms_prefrence_area_product_relation` VALUES (6, 2, 7);
INSERT INTO `cms_prefrence_area_product_relation` VALUES (7, 1, 22);
INSERT INTO `cms_prefrence_area_product_relation` VALUES (24, 1, 23);

-- ----------------------------
-- Table structure for cms_subject
-- ----------------------------
DROP TABLE IF EXISTS `cms_subject`;
CREATE TABLE `cms_subject`  (
  `id` bigint(20) NOT NULL AUTO_INCREMENT,
  `category_id` bigint(20) NULL DEFAULT NULL,
  `title` varchar(100) CHARACTER SET utf8 COLLATE utf8_general_ci NULL DEFAULT NULL,
  `pic` varchar(500) CHARACTER SET utf8 COLLATE utf8_general_ci NULL DEFAULT NULL COMMENT '专题主图',
  `product_count` int(11) NULL DEFAULT NULL COMMENT '关联产品数量',
  `recommend_status` int(1) NULL DEFAULT NULL,
  `create_time` datetime NULL DEFAULT NULL,
  `collect_count` int(11) NULL DEFAULT NULL,
  `read_count` int(11) NULL DEFAULT NULL,
  `comment_count` int(11) NULL DEFAULT NULL,
  `album_pics` varchar(1000) CHARACTER SET utf8 COLLATE utf8_general_ci NULL DEFAULT NULL COMMENT '画册图片用逗号分割',
  `description` varchar(1000) CHARACTER SET utf8 COLLATE utf8_general_ci NULL DEFAULT NULL,
  `show_status` int(1) NULL DEFAULT NULL COMMENT '显示状态：0->不显示；1->显示',
  `content` text CHARACTER SET utf8 COLLATE utf8_general_ci NULL,
  `forward_count` int(11) NULL DEFAULT NULL COMMENT '转发数',
  `category_name` varchar(200) CHARACTER SET utf8 COLLATE utf8_general_ci NULL DEFAULT NULL COMMENT '专题分类名称',
  PRIMARY KEY (`id`) USING BTREE
) ENGINE = InnoDB AUTO_INCREMENT = 7 CHARACTER SET = utf8 COLLATE = utf8_general_ci COMMENT = '专题表' ROW_FORMAT = Dynamic;

-- ----------------------------
-- Records of cms_subject
-- ----------------------------
INSERT INTO furniture_subject VALUES (1, 1, '家具租赁要点', NULL, NULL, NULL, '2018-11-11 13:26:55', NULL, NULL, NULL, NULL, NULL, NULL, NULL, NULL, '家具租赁专题');
INSERT INTO furniture_subject VALUES (2, 2, '品牌家具租赁低价秒', NULL, NULL, NULL, '2018-11-12 13:27:00', NULL, NULL, NULL, NULL, NULL, NULL, NULL, NULL, '家具租赁专题');
INSERT INTO furniture_subject VALUES (3, 2, '实木家具租赁新品上市', NULL, NULL, NULL, '2018-11-13 13:27:05', NULL, NULL, NULL, NULL, NULL, NULL, NULL, NULL, '家具租赁专题');
INSERT INTO furniture_subject VALUES (4, 1, '冬季家具租赁保养', NULL, NULL, NULL, '2018-11-01 13:27:09', NULL, NULL, NULL, NULL, NULL, NULL, NULL, NULL, '家具租赁专题');
INSERT INTO furniture_subject VALUES (5, 1, '家居租赁搭配技巧', NULL, NULL, NULL, '2018-11-06 13:27:18', NULL, NULL, NULL, NULL, NULL, NULL, NULL, NULL, '家具租赁专题');
INSERT INTO furniture_subject VALUES (6, 2, '品牌家具租赁降价', NULL, NULL, NULL, '2018-11-07 13:27:21', NULL, NULL, NULL, NULL, NULL, NULL, NULL, NULL, '家具租赁专题');
-- ----------------------------
-- Table structure for cms_subject_category
-- ----------------------------
DROP TABLE IF EXISTS `cms_subject_category`;
CREATE TABLE `cms_subject_category`  (
  `id` bigint(20) NOT NULL AUTO_INCREMENT,
  `name` varchar(100) CHARACTER SET utf8 COLLATE utf8_general_ci NULL DEFAULT NULL,
  `icon` varchar(500) CHARACTER SET utf8 COLLATE utf8_general_ci NULL DEFAULT NULL COMMENT '分类图标',
  `subject_count` int(11) NULL DEFAULT NULL COMMENT '专题数量',
  `show_status` int(2) NULL DEFAULT NULL,
  `sort` int(11) NULL DEFAULT NULL,
  PRIMARY KEY (`id`) USING BTREE
) ENGINE = InnoDB AUTO_INCREMENT = 3 CHARACTER SET = utf8 COLLATE = utf8_general_ci COMMENT = '专题分类表' ROW_FORMAT = Dynamic;

-- ----------------------------
-- Records of cms_subject_category
-- ----------------------------
INSERT INTO furniture_subject_category VALUES (1, '家具租赁专题', NULL, NULL, NULL, NULL);
INSERT INTO furniture_subject_category VALUES (2, '家具品牌专题', NULL, NULL, NULL, NULL);
-- ----------------------------
-- Table structure for cms_subject_comment
-- ----------------------------
DROP TABLE IF EXISTS `cms_subject_comment`;
CREATE TABLE `cms_subject_comment`  (
  `id` bigint(20) NOT NULL AUTO_INCREMENT,
  `subject_id` bigint(20) NULL DEFAULT NULL,
  `member_nick_name` varchar(255) CHARACTER SET utf8 COLLATE utf8_general_ci NULL DEFAULT NULL,
  `member_icon` varchar(255) CHARACTER SET utf8 COLLATE utf8_general_ci NULL DEFAULT NULL,
  `content` varchar(1000) CHARACTER SET utf8 COLLATE utf8_general_ci NULL DEFAULT NULL,
  `create_time` datetime NULL DEFAULT NULL,
  `show_status` int(1) NULL DEFAULT NULL,
  PRIMARY KEY (`id`) USING BTREE
) ENGINE = InnoDB AUTO_INCREMENT = 1 CHARACTER SET = utf8 COLLATE = utf8_general_ci COMMENT = '专题评论表' ROW_FORMAT = Dynamic;

-- ----------------------------
-- Records of cms_subject_comment
-- ----------------------------

-- ----------------------------
-- Table structure for cms_subject_product_relation
-- ----------------------------
DROP TABLE IF EXISTS `cms_subject_product_relation`;
CREATE TABLE `cms_subject_product_relation`  (
  `id` bigint(20) NOT NULL AUTO_INCREMENT,
  `subject_id` bigint(20) NULL DEFAULT NULL,
  `product_id` bigint(20) NULL DEFAULT NULL,
  PRIMARY KEY (`id`) USING BTREE
) ENGINE = InnoDB AUTO_INCREMENT = 71 CHARACTER SET = utf8 COLLATE = utf8_general_ci COMMENT = '专题商品关系表' ROW_FORMAT = Dynamic;

-- ----------------------------
-- Records of cms_subject_product_relation
-- ----------------------------
INSERT INTO `cms_subject_product_relation` VALUES (1, 1, 12);
INSERT INTO `cms_subject_product_relation` VALUES (2, 1, 13);
INSERT INTO `cms_subject_product_relation` VALUES (3, 1, 14);
INSERT INTO `cms_subject_product_relation` VALUES (4, 1, 18);
INSERT INTO `cms_subject_product_relation` VALUES (5, 1, 7);
INSERT INTO `cms_subject_product_relation` VALUES (6, 2, 7);
INSERT INTO `cms_subject_product_relation` VALUES (7, 1, 22);
INSERT INTO `cms_subject_product_relation` VALUES (29, 1, 23);
INSERT INTO `cms_subject_product_relation` VALUES (30, 4, 23);
INSERT INTO `cms_subject_product_relation` VALUES (31, 5, 23);
INSERT INTO `cms_subject_product_relation` VALUES (68, 2, 26);
INSERT INTO `cms_subject_product_relation` VALUES (69, 3, 26);
INSERT INTO `cms_subject_product_relation` VALUES (70, 6, 26);

-- ----------------------------
-- Table structure for cms_topic
-- ----------------------------
DROP TABLE IF EXISTS `cms_topic`;
CREATE TABLE `cms_topic`  (
  `id` bigint(20) NOT NULL AUTO_INCREMENT,
  `category_id` bigint(20) NULL DEFAULT NULL,
  `name` varchar(255) CHARACTER SET utf8 COLLATE utf8_general_ci NULL DEFAULT NULL,
  `create_time` datetime NULL DEFAULT NULL,
  `start_time` datetime NULL DEFAULT NULL,
  `end_time` datetime NULL DEFAULT NULL,
  `attend_count` int(11) NULL DEFAULT NULL COMMENT '参与人数',
  `attention_count` int(11) NULL DEFAULT NULL COMMENT '关注人数',
  `read_count` int(11) NULL DEFAULT NULL,
  `award_name` varchar(100) CHARACTER SET utf8 COLLATE utf8_general_ci NULL DEFAULT NULL COMMENT '奖品名称',
  `attend_type` varchar(100) CHARACTER SET utf8 COLLATE utf8_general_ci NULL DEFAULT NULL COMMENT '参与方式',
  `content` text CHARACTER SET utf8 COLLATE utf8_general_ci NULL COMMENT '话题内容',
  PRIMARY KEY (`id`) USING BTREE
) ENGINE = InnoDB AUTO_INCREMENT = 1 CHARACTER SET = utf8 COLLATE = utf8_general_ci COMMENT = '话题表' ROW_FORMAT = Dynamic;

-- ----------------------------
-- Records of cms_topic
-- ----------------------------

-- ----------------------------
-- Table structure for cms_topic_category
-- ----------------------------
DROP TABLE IF EXISTS `cms_topic_category`;
CREATE TABLE `cms_topic_category`  (
  `id` bigint(20) NOT NULL AUTO_INCREMENT,
  `name` varchar(100) CHARACTER SET utf8 COLLATE utf8_general_ci NULL DEFAULT NULL,
  `icon` varchar(500) CHARACTER SET utf8 COLLATE utf8_general_ci NULL DEFAULT NULL COMMENT '分类图标',
  `subject_count` int(11) NULL DEFAULT NULL COMMENT '专题数量',
  `show_status` int(2) NULL DEFAULT NULL,
  `sort` int(11) NULL DEFAULT NULL,
  PRIMARY KEY (`id`) USING BTREE
) ENGINE = InnoDB AUTO_INCREMENT = 1 CHARACTER SET = utf8 COLLATE = utf8_general_ci COMMENT = '话题分类表' ROW_FORMAT = Dynamic;

-- ----------------------------
-- Records of cms_topic_category
-- ----------------------------

-- ----------------------------
-- Table structure for cms_topic_comment
-- ----------------------------
DROP TABLE IF EXISTS `cms_topic_comment`;
CREATE TABLE `cms_topic_comment`  (
  `id` bigint(20) NOT NULL AUTO_INCREMENT,
  `member_nick_name` varchar(255) CHARACTER SET utf8 COLLATE utf8_general_ci NULL DEFAULT NULL,
  `topic_id` bigint(20) NULL DEFAULT NULL,
  `member_icon` varchar(255) CHARACTER SET utf8 COLLATE utf8_general_ci NULL DEFAULT NULL,
  `content` varchar(1000) CHARACTER SET utf8 COLLATE utf8_general_ci NULL DEFAULT NULL,
  `create_time` datetime NULL DEFAULT NULL,
  `show_status` int(1) NULL DEFAULT NULL,
  PRIMARY KEY (`id`) USING BTREE
) ENGINE = InnoDB AUTO_INCREMENT = 1 CHARACTER SET = utf8 COLLATE = utf8_general_ci COMMENT = '专题评论表' ROW_FORMAT = Dynamic;

-- ----------------------------
-- Records of cms_topic_comment
-- ----------------------------

-- ----------------------------
-- Table structure for oms_cart_item
-- ----------------------------
DROP TABLE IF EXISTS `oms_cart_item`;
CREATE TABLE `oms_cart_item`  (
  `id` bigint(20) NOT NULL AUTO_INCREMENT,
  `product_id` bigint(20) NULL DEFAULT NULL,
  `product_sku_id` bigint(20) NULL DEFAULT NULL,
  `member_id` bigint(20) NULL DEFAULT NULL,
  `quantity` int(11) NULL DEFAULT NULL COMMENT '购买数量',
  `price` decimal(10, 2) NULL DEFAULT NULL COMMENT '添加到购物车的价格',
  `product_pic` varchar(1000) CHARACTER SET utf8 COLLATE utf8_general_ci NULL DEFAULT NULL COMMENT '商品主图',
  `product_name` varchar(500) CHARACTER SET utf8 COLLATE utf8_general_ci NULL DEFAULT NULL COMMENT '商品名称',
  `product_sub_title` varchar(500) CHARACTER SET utf8 COLLATE utf8_general_ci NULL DEFAULT NULL COMMENT '商品副标题（卖点）',
  `product_sku_code` varchar(200) CHARACTER SET utf8 COLLATE utf8_general_ci NULL DEFAULT NULL COMMENT '商品sku条码',
  `member_nickname` varchar(500) CHARACTER SET utf8 COLLATE utf8_general_ci NULL DEFAULT NULL COMMENT '会员昵称',
  `create_date` datetime NULL DEFAULT NULL COMMENT '创建时间',
  `modify_date` datetime NULL DEFAULT NULL COMMENT '修改时间',
  `delete_status` int(1) NULL DEFAULT 0 COMMENT '是否删除',
  `product_category_id` bigint(20) NULL DEFAULT NULL COMMENT '商品分类',
  `product_brand` varchar(200) CHARACTER SET utf8 COLLATE utf8_general_ci NULL DEFAULT NULL,
  `product_sn` varchar(200) CHARACTER SET utf8 COLLATE utf8_general_ci NULL DEFAULT NULL,
  `product_attr` varchar(500) CHARACTER SET utf8 COLLATE utf8_general_ci NULL DEFAULT NULL COMMENT '商品销售属性:[{\"key\":\"颜色\",\"value\":\"颜色\"},{\"key\":\"容量\",\"value\":\"4G\"}]',
  PRIMARY KEY (`id`) USING BTREE
) ENGINE = InnoDB AUTO_INCREMENT = 102 CHARACTER SET = utf8 COLLATE = utf8_general_ci COMMENT = '购物车表' ROW_FORMAT = Dynamic;

-- ----------------------------
-- Records of oms_cart_item
-- ----------------------------
INSERT INTO oms_cart_item VALUES (12, 26, 90, 1, 1, 788.00, NULL, '舒适沙发', '北欧风格设计，舒适度极高，适合休闲娱乐。', '202201010026001', 'windir', '2022-01-01 09:13:45', NULL, 1, 29, NULL, NULL, NULL);
INSERT INTO oms_cart_item VALUES (13, 27, 98, 1, 3, 599.00, NULL, '可爱床头柜', '简约可爱设计，适合女孩子使用，方便实用。', '202201010027001', 'windir', '2022-01-02 15:12:18', NULL, 1, 29, NULL, NULL, NULL);
INSERT INTO oms_cart_item VALUES (14, 28, 102, 1, 1, 349.00, NULL, '实用书桌', '现代简约设计，桌面宽敞，可供办公使用。', '202201010028001', 'windir', '2022-01-02 16:58:13', NULL, 1, 29, NULL, NULL, NULL);
INSERT INTO oms_cart_item VALUES (15, 28, 103, 1, 1, 499.00, NULL, '多功能柜子', '多层设计，可用于收纳衣物、鞋子等物品，方便实用。', '202201010028001', 'windir', '2022-01-03 11:42:09', NULL, 1, 29, NULL, NULL, NULL);
INSERT INTO oms_cart_item VALUES (16, 29, 106, 1, 1, 899.00, NULL, '舒适床铺', '舒适度极高，适合良好的睡眠体验。', '202201010029001', 'windir', '2022-01-04 14:21:50', NULL, 1, 29, NULL, NULL, NULL);
INSERT INTO oms_cart_item VALUES (30, 46, 203, 1, 2, 240.00, '/Users/liangyepianzhou/Desktop/homework/mall/mall/document/resource/picture/furniture-collection-vector-interior-design-260nw-1056717971.webp', '北欧风简约皮艺双人沙发', '北欧风简约皮艺双人沙发，适合小型公寓和工作室，舒适美观，轻松组装', '202006180046001', 'windir', '2020-06-18 17:27:41', NULL, 1, 37, '嘉丽', '7398713', '[{"key":"颜色","value":"米白色"},{"key":"尺寸","value":"双人座"}]');
INSERT INTO oms_cart_item VALUES (31, 46, 204, 1, 1, 220.00, '/Users/liangyepianzhou/Desktop/homework/mall/mall/document/resource/picture/furniture-collection-vector-interior-design-260nw-1056717971.webp', '北欧简约现代轻奢卧室床', '北欧简约现代轻奢卧室床，适合各种风格的卧室，高档材质，精细做工', '202006180046001', 'windir', '2020-06-18 17:30:02', NULL, 1, 37, '嘉丽', '7398714', '[{"key":"颜色","value":"棕色"},{"key":"尺寸","value":"1.5米"}]');
INSERT INTO oms_cart_item VALUES (32, 47, 210, 1, 3, 120.00, '/Users/liangyepianzhou/Desktop/homework/mall/mall/document/resource/picture/furniture-collection-vector-interior-design-260nw-1056717971.webp', '欧式餐桌椅套装', '欧式餐桌椅套装，精美的欧式花纹，高档材质，带给您舒适的用餐体验', '202006190047001', 'windir', '2020-06-19 15:38:52', NULL, 1, 37, '嘉丽', '7398715', '[{"key":"颜色","value":"褐色"},{"key":"材质","value":"实木"}]');
INSERT INTO oms_cart_item VALUES (23, 27, 98, 1, 7, 2699.00, '/Users/liangyepianzhou/Desktop/homework/mall/mall/document/resource/picture/furniture-collection-vector-interior-design-260nw-1056717971.webp', '现代北欧风格沙发', '北欧风格简约皮艺双人沙发，适合小型公寓和工作室，舒适美观，轻松组装', '202008010027001', 'windir', '2020-05-04 15:35:43', NULL, 1, 19, 'MOMAX', '7437788', '[{"key":"颜色","value":"灰色"},{"key":"尺寸","value":"双人座"}]');
INSERT INTO oms_cart_item VALUES (24, 26, 110, 1, 4, 3788.00, '/Users/liangyepianzhou/Desktop/homework/mall/mall/document/resource/picture/furniture-collection-vector-interior-design-260nw-1056717971.webp', '现代北欧风格床', '北欧风格简约现代轻奢卧室床，适合各种风格的卧室，高档材质，精细做工', '202008010026001', 'windir', '2020-05-04 16:58:17', NULL, 1, 19, 'MOMAX', '6946605', '[{"key":"颜色","value":"黑色"},{"key":"尺寸","value":"1.8米"}]');
INSERT INTO oms_cart_item VALUES (25, 27, 98, 1, 2, 2699.00, '/Users/liangyepianzhou/Desktop/homework/mall/mall/document/resource/picture/furniture-collection-vector-interior-design-260nw-1056717971.webp', '现代北欧风格沙发', '北欧风格简约皮艺双人沙发，适合小型公寓和工作室，舒适美观，轻松组装', '202008010027001', 'windir', '2020-05-04 16:58:23', NULL, 1, 19, 'MOMAX', '7437788', '[{"key":"颜色","value":"灰色"},{"key":"尺寸","value":"双人座"}]');
INSERT INTO oms_cart_item VALUES (40, 56, 300, 1, 1, 1280.00, '/Users/liangyepianzhou/Desktop/homework/mall/mall/document/resource/picture/furniture-collection-vector-interior-design-260nw-1056717971.webp', '现代简约真皮沙发', '现代简约真皮沙发，高品质材料，典雅舒适，适合家庭和商务场所使用', '202010300056001', 'windir', '2021-06-10 14:23:11', NULL, 1, 45, '卡诺斯', '8625012', '[{"key":"颜色","value":"黑色"},{"key":"尺寸","value":"三人座"}]');
INSERT INTO oms_cart_item VALUES (41, 56, 301, 1, 2, 3300.00, '/Users/liangyepianzhou/Desktop/homework/mall/mall/document/resource/picture/furniture-collection-vector-interior-design-260nw-1056717971.webp', '现代时尚餐桌椅套装', '现代时尚餐桌椅套装，美观实用，轻松组装，适合各种家庭和商务用途', '202010300056001', 'windir', '2021-06-10 14:25:08', NULL, 1, 45, '卡诺斯', '8625013', '[{"key":"颜色","value":"白色"},{"key":"材质","value":"实木"}]');
INSERT INTO oms_cart_item VALUES (42, 57, 310, 1, 3, 1980.00, '/Users/liangyepianzhou/Desktop/homework/mall/mall/document/resource/picture/furniture-collection-vector-interior-design-260nw-1056717971.webp', '欧式复古红木茶几', '欧式复古红木茶几，红木材质，手工雕刻，精美耐用，为您家庭增添高雅品味', '202011020057001', 'windir', '2021-06-10 14:27:12', NULL, 1, 45, '卡诺斯', '8625014', '[{"key":"颜色","value":"红木色"},{"key":"尺寸","value":"1.2m×0.8m"}]');

-- ----------------------------
-- Table structure for oms_company_address
-- ----------------------------
DROP TABLE IF EXISTS `oms_company_address`;
CREATE TABLE `oms_company_address`  (
  `id` bigint(20) NOT NULL AUTO_INCREMENT,
  `address_name` varchar(200) CHARACTER SET utf8 COLLATE utf8_general_ci NULL DEFAULT NULL COMMENT '地址名称',
  `send_status` int(1) NULL DEFAULT NULL COMMENT '默认发货地址：0->否；1->是',
  `receive_status` int(1) NULL DEFAULT NULL COMMENT '是否默认收货地址：0->否；1->是',
  `name` varchar(64) CHARACTER SET utf8 COLLATE utf8_general_ci NULL DEFAULT NULL COMMENT '收发货人姓名',
  `phone` varchar(64) CHARACTER SET utf8 COLLATE utf8_general_ci NULL DEFAULT NULL COMMENT '收货人电话',
  `province` varchar(64) CHARACTER SET utf8 COLLATE utf8_general_ci NULL DEFAULT NULL COMMENT '省/直辖市',
  `city` varchar(64) CHARACTER SET utf8 COLLATE utf8_general_ci NULL DEFAULT NULL COMMENT '市',
  `region` varchar(64) CHARACTER SET utf8 COLLATE utf8_general_ci NULL DEFAULT NULL COMMENT '区',
  `detail_address` varchar(200) CHARACTER SET utf8 COLLATE utf8_general_ci NULL DEFAULT NULL COMMENT '详细地址',
  PRIMARY KEY (`id`) USING BTREE
) ENGINE = InnoDB AUTO_INCREMENT = 4 CHARACTER SET = utf8 COLLATE = utf8_general_ci COMMENT = '公司收发货地址表' ROW_FORMAT = Dynamic;

-- ----------------------------
-- Records of oms_company_address
-- ----------------------------
INSERT INTO `oms_company_address` VALUES (1, '深圳发货点', 1, 1, '大梨', '18000000000', '广东省', '深圳市', '南山区', '科兴科学园');
INSERT INTO `oms_company_address` VALUES (2, '北京发货点', 0, 0, '大梨', '18000000000', '北京市', NULL, '南山区', '科兴科学园');
INSERT INTO `oms_company_address` VALUES (3, '南京发货点', 0, 0, '大梨', '18000000000', '江苏省', '南京市', '南山区', '科兴科学园');

-- ----------------------------
-- Table structure for oms_order
-- ----------------------------
DROP TABLE IF EXISTS `oms_order`;
CREATE TABLE `oms_order`  (
  `id` bigint(20) NOT NULL AUTO_INCREMENT COMMENT '订单id',
  `member_id` bigint(20) NOT NULL,
  `coupon_id` bigint(20) NULL DEFAULT NULL,
  `order_sn` varchar(64) CHARACTER SET utf8 COLLATE utf8_general_ci NULL DEFAULT NULL COMMENT '订单编号',
  `create_time` datetime NULL DEFAULT NULL COMMENT '提交时间',
  `member_username` varchar(64) CHARACTER SET utf8 COLLATE utf8_general_ci NULL DEFAULT NULL COMMENT '用户帐号',
  `total_amount` decimal(10, 2) NULL DEFAULT NULL COMMENT '订单总金额',
  `pay_amount` decimal(10, 2) NULL DEFAULT NULL COMMENT '应付金额（实际支付金额）',
  `freight_amount` decimal(10, 2) NULL DEFAULT NULL COMMENT '运费金额',
  `promotion_amount` decimal(10, 2) NULL DEFAULT NULL COMMENT '促销优化金额（促销价、满减、阶梯价）',
  `integration_amount` decimal(10, 2) NULL DEFAULT NULL COMMENT '积分抵扣金额',
  `coupon_amount` decimal(10, 2) NULL DEFAULT NULL COMMENT '优惠券抵扣金额',
  `discount_amount` decimal(10, 2) NULL DEFAULT NULL COMMENT '管理员后台调整订单使用的折扣金额',
  `pay_type` int(1) NULL DEFAULT NULL COMMENT '支付方式：0->未支付；1->支付宝；2->微信',
  `source_type` int(1) NULL DEFAULT NULL COMMENT '订单来源：0->PC订单；1->app订单',
  `status` int(1) NULL DEFAULT NULL COMMENT '订单状态：0->待付款；1->待发货；2->已发货；3->已完成；4->已关闭；5->无效订单',
  `order_type` int(1) NULL DEFAULT NULL COMMENT '订单类型：0->正常订单；1->秒杀订单',
  `delivery_company` varchar(64) CHARACTER SET utf8 COLLATE utf8_general_ci NULL DEFAULT NULL COMMENT '物流公司(配送方式)',
  `delivery_sn` varchar(64) CHARACTER SET utf8 COLLATE utf8_general_ci NULL DEFAULT NULL COMMENT '物流单号',
  `auto_confirm_day` int(11) NULL DEFAULT NULL COMMENT '自动确认时间（天）',
  `integration` int(11) NULL DEFAULT NULL COMMENT '可以获得的积分',
  `growth` int(11) NULL DEFAULT NULL COMMENT '可以活动的成长值',
  `promotion_info` varchar(100) CHARACTER SET utf8 COLLATE utf8_general_ci NULL DEFAULT NULL COMMENT '活动信息',
  `bill_type` int(1) NULL DEFAULT NULL COMMENT '发票类型：0->不开发票；1->电子发票；2->纸质发票',
  `bill_header` varchar(200) CHARACTER SET utf8 COLLATE utf8_general_ci NULL DEFAULT NULL COMMENT '发票抬头',
  `bill_content` varchar(200) CHARACTER SET utf8 COLLATE utf8_general_ci NULL DEFAULT NULL COMMENT '发票内容',
  `bill_receiver_phone` varchar(32) CHARACTER SET utf8 COLLATE utf8_general_ci NULL DEFAULT NULL COMMENT '收票人电话',
  `bill_receiver_email` varchar(64) CHARACTER SET utf8 COLLATE utf8_general_ci NULL DEFAULT NULL COMMENT '收票人邮箱',
  `receiver_name` varchar(100) CHARACTER SET utf8 COLLATE utf8_general_ci NOT NULL COMMENT '收货人姓名',
  `receiver_phone` varchar(32) CHARACTER SET utf8 COLLATE utf8_general_ci NOT NULL COMMENT '收货人电话',
  `receiver_post_code` varchar(32) CHARACTER SET utf8 COLLATE utf8_general_ci NULL DEFAULT NULL COMMENT '收货人邮编',
  `receiver_province` varchar(32) CHARACTER SET utf8 COLLATE utf8_general_ci NULL DEFAULT NULL COMMENT '省份/直辖市',
  `receiver_city` varchar(32) CHARACTER SET utf8 COLLATE utf8_general_ci NULL DEFAULT NULL COMMENT '城市',
  `receiver_region` varchar(32) CHARACTER SET utf8 COLLATE utf8_general_ci NULL DEFAULT NULL COMMENT '区',
  `receiver_detail_address` varchar(200) CHARACTER SET utf8 COLLATE utf8_general_ci NULL DEFAULT NULL COMMENT '详细地址',
  `note` varchar(500) CHARACTER SET utf8 COLLATE utf8_general_ci NULL DEFAULT NULL COMMENT '订单备注',
  `confirm_status` int(1) NULL DEFAULT NULL COMMENT '确认收货状态：0->未确认；1->已确认',
  `delete_status` int(1) NOT NULL DEFAULT 0 COMMENT '删除状态：0->未删除；1->已删除',
  `use_integration` int(11) NULL DEFAULT NULL COMMENT '下单时使用的积分',
  `payment_time` datetime NULL DEFAULT NULL COMMENT '支付时间',
  `delivery_time` datetime NULL DEFAULT NULL COMMENT '发货时间',
  `receive_time` datetime NULL DEFAULT NULL COMMENT '确认收货时间',
  `comment_time` datetime NULL DEFAULT NULL COMMENT '评价时间',
  `modify_time` datetime NULL DEFAULT NULL COMMENT '修改时间',
  PRIMARY KEY (`id`) USING BTREE
) ENGINE = InnoDB AUTO_INCREMENT = 69 CHARACTER SET = utf8 COLLATE = utf8_general_ci COMMENT = '订单表' ROW_FORMAT = Dynamic;

-- ----------------------------
-- Records of oms_order
-- ----------------------------
INSERT INTO `oms_order` VALUES (12, 1, 2, '201809150101000001', '2018-09-15 12:24:27', 'test', 18732.00, 16377.75, 20.00, 2344.25, 0.00, 10.00, 10.00, 0, 1, 4, 0, '', '', 15, 13284, 13284, '单品促销,打折优惠：满3件，打7.50折,满减优惠：满1000.00元，减120.00元,满减优惠：满1000.00元，减120.00元,无优惠', NULL, NULL, NULL, NULL, NULL, '大梨', '18033441849', '518000', '江苏省', '常州市', '天宁区', '东晓街道', '111', 0, 0, NULL, NULL, NULL, NULL, NULL, '2019-11-09 16:50:28');
INSERT INTO `oms_order` VALUES (13, 1, 2, '201809150102000002', '2018-09-15 14:24:29', 'test', 18732.00, 16377.75, 0.00, 2344.25, 0.00, 10.00, 0.00, 1, 1, 1, 0, '', '', 15, 13284, 13284, '单品促销,打折优惠：满3件，打7.50折,满减优惠：满1000.00元，减120.00元,满减优惠：满1000.00元，减120.00元,无优惠', NULL, NULL, NULL, NULL, NULL, '大梨', '18033441849', '518000', '广东省', '深圳市', '福田区', '东晓街道', NULL, 0, 0, 1000, '2018-10-11 14:04:19', NULL, NULL, NULL, NULL);
INSERT INTO `oms_order` VALUES (14, 1, 2, '201809130101000001', '2018-09-13 16:57:40', 'test', 18732.00, 16377.75, 0.00, 2344.25, 0.00, 10.00, 0.00, 2, 1, 3, 0, '顺丰快递', '201707196398345', 15, 13284, 13284, '单品促销,打折优惠：满3件，打7.50折,满减优惠：满1000.00元，减120.00元,满减优惠：满1000.00元，减120.00元,无优惠', NULL, NULL, NULL, NULL, NULL, '大梨', '18033441849', '518000', '广东省', '深圳市', '福田区', '东晓街道', NULL, 1, 0, NULL, '2018-10-13 13:44:04', '2018-10-16 13:43:41', '2022-11-11 16:19:34', NULL, NULL);
INSERT INTO `oms_order` VALUES (15, 1, 2, '201809130102000002', '2018-09-13 17:03:00', 'test', 18732.00, 16377.75, 0.00, 2344.25, 0.00, 10.00, 0.00, 1, 1, 3, 0, '顺丰快递', '201707196398346', 15, 13284, 13284, '单品促销,打折优惠：满3件，打7.50折,满减优惠：满1000.00元，减120.00元,满减优惠：满1000.00元，减120.00元,无优惠', NULL, NULL, NULL, NULL, NULL, '大梨', '18033441849', '518000', '广东省', '深圳市', '福田区', '东晓街道', NULL, 1, 1, NULL, '2018-10-13 13:44:54', '2018-10-16 13:45:01', '2018-10-18 14:05:31', NULL, NULL);
INSERT INTO `oms_order` VALUES (16, 1, 2, '201809140101000001', '2018-09-14 16:16:16', 'test', 18732.00, 16377.75, 0.00, 2344.25, 0.00, 10.00, 0.00, 2, 1, 4, 0, NULL, NULL, 15, 13284, 13284, '单品促销,打折优惠：满3件，打7.50折,满减优惠：满1000.00元，减120.00元,满减优惠：满1000.00元，减120.00元,无优惠', NULL, NULL, NULL, NULL, NULL, '大梨', '18033441849', '518000', '广东省', '深圳市', '福田区', '东晓街道', NULL, 0, 1, NULL, NULL, NULL, NULL, NULL, NULL);
INSERT INTO `oms_order` VALUES (17, 1, 2, '201809150101000003', '2018-09-15 12:24:27', 'test', 18732.00, 16377.75, 0.00, 2344.25, 0.00, 10.00, 0.00, 0, 1, 4, 0, '顺丰快递', '201707196398345', 15, NULL, NULL, '单品促销,打折优惠：满3件，打7.50折,满减优惠：满1000.00元，减120.00元,满减优惠：满1000.00元，减120.00元,无优惠', NULL, NULL, NULL, NULL, NULL, '大梨', '18033441849', '518000', '广东省', '深圳市', '福田区', '东晓街道', NULL, 0, 1, NULL, NULL, '2018-10-12 14:01:28', NULL, NULL, NULL);
INSERT INTO `oms_order` VALUES (18, 1, 2, '201809150102000004', '2018-09-15 14:24:29', 'test', 18732.00, 16377.75, 0.00, 2344.25, 0.00, 10.00, 0.00, 1, 1, 1, 0, '圆通快递', 'xx', 15, NULL, NULL, '单品促销,打折优惠：满3件，打7.50折,满减优惠：满1000.00元，减120.00元,满减优惠：满1000.00元，减120.00元,无优惠', NULL, NULL, NULL, NULL, NULL, '大梨', '18033441849', '518000', '广东省', '深圳市', '福田区', '东晓街道', NULL, 0, 1, 1000, NULL, '2018-10-16 14:42:17', NULL, NULL, NULL);
INSERT INTO `oms_order` VALUES (19, 1, 2, '201809130101000003', '2018-09-13 16:57:40', 'test', 18732.00, 16377.75, 0.00, 2344.25, 0.00, 10.00, 0.00, 2, 1, 2, 0, NULL, NULL, 15, NULL, NULL, '单品促销,打折优惠：满3件，打7.50折,满减优惠：满1000.00元，减120.00元,满减优惠：满1000.00元，减120.00元,无优惠', NULL, NULL, NULL, NULL, NULL, '大梨', '18033441849', '518000', '广东省', '深圳市', '福田区', '东晓街道', NULL, 0, 1, NULL, NULL, NULL, NULL, NULL, NULL);
INSERT INTO `oms_order` VALUES (20, 1, 2, '201809130102000004', '2018-09-13 17:03:00', 'test', 18732.00, 16377.75, 0.00, 2344.25, 0.00, 10.00, 0.00, 1, 1, 3, 0, NULL, NULL, 15, NULL, NULL, '单品促销,打折优惠：满3件，打7.50折,满减优惠：满1000.00元，减120.00元,满减优惠：满1000.00元，减120.00元,无优惠', NULL, NULL, NULL, NULL, NULL, '大梨', '18033441849', '518000', '广东省', '深圳市', '福田区', '东晓街道', NULL, 0, 1, NULL, NULL, NULL, NULL, NULL, NULL);
INSERT INTO `oms_order` VALUES (21, 1, 2, '201809140101000002', '2018-09-14 16:16:16', 'test', 18732.00, 16377.75, 0.00, 2344.25, 0.00, 10.00, 0.00, 2, 1, 4, 0, NULL, NULL, 15, 18682, 18682, '单品促销,打折优惠：满3件，打7.50折,满减优惠：满1000.00元，减120.00元,满减优惠：满1000.00元，减120.00元,无优惠', NULL, NULL, NULL, NULL, NULL, '大梨', '18033441849', '518000', '广东省', '深圳市', '福田区', '东晓街道', NULL, 0, 1, NULL, NULL, NULL, NULL, NULL, NULL);
INSERT INTO `oms_order` VALUES (22, 1, 2, '201809150101000005', '2018-09-15 12:24:27', 'test', 18732.00, 16377.75, 0.00, 2344.25, 0.00, 10.00, 0.00, 0, 1, 4, 0, '顺丰快递', '201707196398345', 15, 0, 0, '单品促销,打折优惠：满3件，打7.50折,满减优惠：满1000.00元，减120.00元,满减优惠：满1000.00元，减120.00元,无优惠', NULL, NULL, NULL, NULL, NULL, '大梨', '18033441849', '518000', '广东省', '深圳市', '福田区', '东晓街道', NULL, 0, 1, NULL, NULL, '2018-10-12 14:01:28', NULL, NULL, NULL);
INSERT INTO `oms_order` VALUES (23, 1, 2, '201809150102000006', '2018-09-15 14:24:29', 'test', 18732.00, 16377.75, 0.00, 2344.25, 0.00, 10.00, 0.00, 1, 1, 1, 0, '顺丰快递', 'xxx', 15, 0, 0, '单品促销,打折优惠：满3件，打7.50折,满减优惠：满1000.00元，减120.00元,满减优惠：满1000.00元，减120.00元,无优惠', NULL, NULL, NULL, NULL, NULL, '大梨', '18033441849', '518000', '广东省', '深圳市', '福田区', '东晓街道', NULL, 0, 1, 1000, NULL, '2018-10-16 14:41:28', NULL, NULL, NULL);
INSERT INTO `oms_order` VALUES (24, 1, 2, '201809130101000005', '2018-09-13 16:57:40', 'test', 18732.00, 16377.75, 0.00, 2344.25, 0.00, 10.00, 0.00, 2, 1, 2, 0, NULL, NULL, 15, 18682, 18682, '单品促销,打折优惠：满3件，打7.50折,满减优惠：满1000.00元，减120.00元,满减优惠：满1000.00元，减120.00元,无优惠', NULL, NULL, NULL, NULL, NULL, '大梨', '18033441849', '518000', '广东省', '深圳市', '福田区', '东晓街道', NULL, 0, 1, NULL, NULL, NULL, NULL, NULL, NULL);
INSERT INTO `oms_order` VALUES (25, 1, 2, '201809130102000006', '2018-09-13 17:03:00', 'test', 18732.00, 16377.75, 10.00, 2344.25, 0.00, 10.00, 5.00, 1, 1, 4, 0, NULL, NULL, 15, 18682, 18682, '单品促销,打折优惠：满3件，打7.50折,满减优惠：满1000.00元，减120.00元,满减优惠：满1000.00元，减120.00元,无优惠', NULL, NULL, NULL, NULL, NULL, '大梨22', '18033441849', '518000', '北京市', '北京城区', '东城区', '东城街道', 'xxx', 0, 1, NULL, NULL, NULL, NULL, NULL, '2018-10-30 15:08:31');
INSERT INTO `oms_order` VALUES (26, 1, 2, '201809140101000003', '2018-09-14 16:16:16', 'test', 18732.00, 16377.75, 0.00, 2344.25, 0.00, 10.00, 0.00, 2, 1, 4, 0, NULL, NULL, 15, 18682, 18682, '单品促销,打折优惠：满3件，打7.50折,满减优惠：满1000.00元，减120.00元,满减优惠：满1000.00元，减120.00元,无优惠', NULL, NULL, NULL, NULL, NULL, '大梨', '18033441849', '518000', '广东省', '深圳市', '福田区', '东晓街道', NULL, 0, 1, NULL, NULL, NULL, NULL, NULL, NULL);
INSERT INTO `oms_order` VALUES (27, 1, NULL, '202002250100000001', '2020-02-25 15:59:20', 'test', 540.00, 540.00, 0.00, 0.00, 0.00, 0.00, 0.00, 0, 1, 4, 0, NULL, NULL, NULL, 0, 0, '无优惠,无优惠', NULL, NULL, NULL, NULL, NULL, '大梨', '18033441849', '518000', '广东省', '深圳市', '南山区', '科兴科学园', NULL, 0, 1, NULL, NULL, NULL, NULL, NULL, NULL);
INSERT INTO `oms_order` VALUES (28, 1, NULL, '202002250100000002', '2020-02-25 16:05:47', 'test', 540.00, 540.00, 0.00, 0.00, 0.00, 0.00, 0.00, 0, 1, 4, 0, NULL, NULL, NULL, 0, 0, '无优惠,无优惠', NULL, NULL, NULL, NULL, NULL, '大梨', '18033441849', '518000', '广东省', '深圳市', '南山区', '科兴科学园', NULL, 0, 1, NULL, NULL, NULL, NULL, NULL, NULL);
INSERT INTO `oms_order` VALUES (29, 1, NULL, '202002250100000003', '2020-02-25 16:07:58', 'test', 540.00, 540.00, 0.00, 0.00, 0.00, 0.00, 0.00, 0, 1, 4, 0, NULL, NULL, NULL, 0, 0, '无优惠,无优惠', NULL, NULL, NULL, NULL, NULL, '大梨', '18033441849', '518000', '广东省', '深圳市', '南山区', '科兴科学园', NULL, 0, 0, NULL, NULL, NULL, NULL, NULL, NULL);
INSERT INTO `oms_order` VALUES (30, 1, NULL, '202002250100000004', '2020-02-25 16:50:13', 'test', 240.00, 240.00, 20.00, 0.00, 0.00, 0.00, 10.00, 0, 1, 3, 0, '顺丰快递', '12333333', NULL, 0, 0, '无优惠', NULL, NULL, NULL, NULL, NULL, '大梨', '18033441849', '518000', '广东省', '深圳市', '南山区', '科兴科学园', NULL, 1, 0, NULL, '2020-02-25 16:53:29', '2020-02-25 16:54:03', '2020-05-17 19:38:15', NULL, '2020-02-25 16:52:51');
INSERT INTO `oms_order` VALUES (31, 1, 26, '202005160100000001', '2020-05-16 15:16:54', 'test', 13623.00, 11842.40, 0.00, 1629.60, 1.00, 150.00, 0.00, 0, 1, 4, 0, NULL, NULL, 15, 13623, 13623, '满减优惠：满5000.00元，减500.00元;打折优惠：满2件，打8.00折;满减优惠：满500.00元，减50.00元', NULL, NULL, NULL, NULL, NULL, '大梨', '18033441849', '518000', '广东省', '深圳市', '福田区', '东晓街道', NULL, 0, 0, NULL, NULL, NULL, NULL, NULL, NULL);
INSERT INTO `oms_order` VALUES (32, 1, NULL, '202005170100000001', '2020-05-17 15:00:38', 'test', 6487.00, 6187.00, 0.00, 300.00, 0.00, 0.00, 0.00, 1, 1, 1, 0, NULL, NULL, 15, 6487, 6487, '满减优惠：满3000.00元，减300.00元;无优惠', NULL, NULL, NULL, NULL, NULL, '大梨', '18033441849', '518000', '广东省', '深圳市', '福田区', '东晓街道', NULL, 0, 0, NULL, '2020-05-17 15:33:28', NULL, NULL, NULL, NULL);
INSERT INTO `oms_order` VALUES (33, 1, NULL, '202005170100000002', '2020-05-17 15:14:18', 'test', 3788.00, 3488.00, 0.00, 300.00, 0.00, 0.00, 0.00, 0, 1, 4, 0, NULL, NULL, 15, 3788, 3788, '满减优惠：满3000.00元，减300.00元', NULL, NULL, NULL, NULL, NULL, '大梨', '18033441849', '518000', '广东省', '深圳市', '福田区', '东晓街道', NULL, 0, 1, NULL, NULL, NULL, NULL, NULL, NULL);
INSERT INTO `oms_order` VALUES (34, 1, NULL, '202005170100000003', '2020-05-17 15:20:10', 'test', 3788.00, 3488.00, 0.00, 300.00, 0.00, 0.00, 0.00, 0, 1, 4, 0, NULL, NULL, 15, 3788, 3788, '满减优惠：满3000.00元，减300.00元', NULL, NULL, NULL, NULL, NULL, '大梨', '18033441849', '518000', '广东省', '深圳市', '福田区', '东晓街道', NULL, 0, 1, NULL, NULL, NULL, NULL, NULL, NULL);
INSERT INTO `oms_order` VALUES (35, 1, NULL, '202005170100000004', '2020-05-17 15:22:03', 'test', 3788.00, 3488.00, 0.00, 300.00, 0.00, 0.00, 0.00, 2, 1, 3, 0, '顺丰快递', '123', 15, 3788, 3788, '满减优惠：满3000.00元，减300.00元', NULL, NULL, NULL, NULL, NULL, '大梨', '18033441849', '518000', '广东省', '深圳市', '福田区', '东晓街道', NULL, 1, 0, NULL, '2020-05-17 15:29:07', '2020-05-17 15:30:24', '2020-05-17 15:41:45', NULL, NULL);
INSERT INTO `oms_order` VALUES (36, 1, NULL, '202005170100000005', '2020-05-17 16:59:26', 'test', 10275.00, 9775.00, 0.00, 500.00, 0.00, 0.00, 0.00, 0, 1, 4, 0, NULL, NULL, 15, 10275, 10275, '满减优惠：满5000.00元，减500.00元;无优惠', NULL, NULL, NULL, NULL, NULL, '大梨', '18033441849', '518000', '广东省', '深圳市', '福田区', '东晓街道', NULL, 0, 0, NULL, NULL, NULL, NULL, NULL, NULL);
INSERT INTO `oms_order` VALUES (37, 1, NULL, '202005170100000006', '2020-05-17 19:33:48', 'test', 6487.00, 6187.00, 0.00, 300.00, 0.00, 0.00, 0.00, 1, 1, 3, 0, '顺丰快递', 'aadd', 15, 6487, 6487, '满减优惠：满3000.00元，减300.00元;无优惠', NULL, NULL, NULL, NULL, NULL, '大梨', '18033441849', '518000', '广东省', '深圳市', '福田区', '东晓街道', NULL, 1, 0, NULL, '2020-05-17 19:33:59', '2020-05-17 19:34:59', '2020-05-17 19:35:50', NULL, NULL);
INSERT INTO `oms_order` VALUES (38, 1, NULL, '202005170100000007', '2020-05-17 19:39:10', 'test', 3788.00, 3488.00, 0.00, 300.00, 0.00, 0.00, 0.00, 0, 1, 4, 0, NULL, NULL, 15, 3788, 3788, '满减优惠：满3000.00元，减300.00元', NULL, NULL, NULL, NULL, NULL, '大梨', '18033441849', '518000', '广东省', '深圳市', '福田区', '东晓街道', NULL, 0, 0, NULL, NULL, NULL, NULL, NULL, NULL);
INSERT INTO `oms_order` VALUES (39, 1, NULL, '202005170100000008', '2020-05-17 19:41:30', 'test', 3788.00, 3488.00, 0.00, 300.00, 0.00, 0.00, 0.00, 1, 1, 3, 0, '顺丰快递', 'sdf', 15, 3788, 3788, '满减优惠：满3000.00元，减300.00元', NULL, NULL, NULL, NULL, NULL, '大梨', '18033441849', '518000', '广东省', '深圳市', '福田区', '东晓街道', NULL, 1, 1, NULL, '2020-05-17 19:41:41', '2020-05-17 19:42:07', '2020-05-17 19:42:36', NULL, NULL);
INSERT INTO `oms_order` VALUES (40, 1, NULL, '202005180100000001', '2020-05-18 16:50:03', 'test', 3788.00, 3488.00, 0.00, 300.00, 0.00, 0.00, 0.00, 2, 1, 1, 0, NULL, NULL, 15, 3788, 3788, '满减优惠：满3000.00元，减300.00元', NULL, NULL, NULL, NULL, NULL, '大梨', '18033441849', '518000', '广东省', '深圳市', '福田区', '东晓街道', NULL, 0, 0, NULL, '2020-05-18 16:50:29', NULL, NULL, NULL, NULL);
INSERT INTO `oms_order` VALUES (41, 1, 26, '202005180100000002', '2020-05-18 20:22:24', 'test', 6487.00, 6037.00, 0.00, 300.00, 0.00, 150.00, 0.00, 1, 1, 3, 0, '顺丰快递', '12313', 15, 6487, 6487, '满减优惠：满3000.00元，减300.00元;无优惠', NULL, NULL, NULL, NULL, NULL, '大梨', '18033441849', '518000', '广东省', '深圳市', '福田区', '清水河街道', NULL, 1, 0, NULL, '2020-05-18 20:22:29', '2020-05-18 20:23:03', '2020-05-18 20:23:20', NULL, NULL);
INSERT INTO `oms_order` VALUES (42, 1, NULL, '202005230100000001', '2020-05-23 16:21:27', 'test', 5398.00, 4318.40, 0.00, 1079.60, 0.00, 0.00, 0.00, 2, 1, 1, 0, NULL, NULL, 15, 5398, 5398, '打折优惠：满2件，打8.00折', NULL, NULL, NULL, NULL, NULL, '大梨', '18033441849', '518000', '广东省', '深圳市', '福田区', '清水河街道', NULL, 0, 0, NULL, '2020-05-23 16:21:30', NULL, NULL, NULL, NULL);
INSERT INTO `oms_order` VALUES (43, 1, NULL, '202005230100000002', '2020-05-23 17:01:33', 'test', 5398.00, 4318.40, 0.00, 1079.60, 0.00, 0.00, 0.00, 0, 1, 4, 0, NULL, NULL, 15, 5398, 5398, '打折优惠：满2件，打8.00折', NULL, NULL, NULL, NULL, NULL, '大梨', '18033441849', '518000', '广东省', '深圳市', '福田区', '东晓街道', NULL, 0, 0, NULL, NULL, NULL, NULL, NULL, NULL);
INSERT INTO `oms_order` VALUES (44, 1, NULL, '202005240100000001', '2020-05-24 09:37:07', 'test', 7576.00, 7076.00, 0.00, 500.00, 0.00, 0.00, 0.00, 0, 1, 4, 0, NULL, NULL, 15, 7576, 7576, '满减优惠：满5000.00元，减500.00元', NULL, NULL, NULL, NULL, NULL, '大梨', '18033441849', '518000', '广东省', '深圳市', '福田区', '东晓街道', NULL, 0, 0, NULL, NULL, NULL, NULL, NULL, NULL);
INSERT INTO `oms_order` VALUES (45, 1, 25, '202006070100000001', '2020-06-07 17:02:04', 'test', 10275.00, 9674.90, 0.00, 500.00, 0.00, 100.10, 0.00, 1, 1, 1, 0, NULL, NULL, 15, 10275, 10275, '满减优惠：满5000.00元，减500.00元;无优惠', NULL, NULL, NULL, NULL, NULL, '大梨', '18033441849', '518000', '广东省', '深圳市', '福田区', '清水河街道', NULL, 0, 0, NULL, '2020-06-07 17:02:17', NULL, NULL, NULL, NULL);
INSERT INTO `oms_order` VALUES (46, 1, 24, '202006210100000001', '2020-06-21 14:27:34', 'test', 9186.00, 7796.40, 0.00, 1379.60, 0.00, 10.00, 0.00, 2, 1, 1, 0, NULL, NULL, 15, 9186, 9186, '满减优惠：满3000.00元，减300.00元;打折优惠：满2件，打8.00折', NULL, NULL, NULL, NULL, NULL, '大梨', '18033441849', '518000', '广东省', '深圳市', '福田区', '东晓街道', NULL, 0, 0, NULL, '2020-06-21 14:27:38', NULL, NULL, NULL, NULL);
INSERT INTO `oms_order` VALUES (47, 1, NULL, '202006210100000002', '2020-06-21 15:13:06', 'test', 6487.00, 6187.00, 0.00, 300.00, 0.00, 0.00, 0.00, 1, 1, 3, 0, '顺丰快递', '123131', 15, 6487, 6487, '满减优惠：满3000.00元，减300.00元;无优惠', NULL, NULL, NULL, NULL, NULL, '大梨', '18033441849', '518000', '广东省', '深圳市', '福田区', '清水河街道', NULL, 1, 0, NULL, '2020-06-21 15:13:12', '2020-06-21 15:13:44', '2020-06-21 15:13:58', NULL, NULL);
INSERT INTO `oms_order` VALUES (48, 1, 26, '202006210100000003', '2020-06-21 15:15:18', 'test', 3788.00, 3338.00, 0.00, 300.00, 0.00, 150.00, 0.00, 2, 1, 3, 0, '圆通快递', '12313', 15, 3788, 3788, '满减优惠：满3000.00元，减300.00元', NULL, NULL, NULL, NULL, NULL, '大梨', '18033441849', '518000', '广东省', '深圳市', '福田区', '东晓街道', NULL, 1, 0, NULL, '2020-06-21 15:15:20', '2020-06-21 15:15:48', '2020-06-21 15:15:58', NULL, NULL);
INSERT INTO `oms_order` VALUES (49, 1, NULL, '202006270100000001', '2020-06-27 10:27:56', 'test', 2699.00, 2699.00, 0.00, 0.00, 0.00, 0.00, 0.00, 2, 1, 1, 0, NULL, NULL, 15, 2699, 2699, '无优惠', NULL, NULL, NULL, NULL, NULL, '大梨', '18033441849', '518000', '广东省', '深圳市', '福田区', '清水河街道', NULL, 0, 0, NULL, '2020-06-27 10:27:58', NULL, NULL, NULL, NULL);
INSERT INTO `oms_order` VALUES (50, 1, NULL, '202210280100000001', '2022-10-28 14:50:58', 'test', 2699.00, 2699.00, 0.00, 0.00, 0.00, 0.00, 0.00, 2, 1, 1, 0, NULL, NULL, 15, 2699, 2699, '无优惠', NULL, NULL, NULL, NULL, NULL, '大梨', '18033441849', '518000', '广东省', '深圳市', '福田区', '清水河街道', NULL, 0, 0, NULL, '2022-10-28 14:51:02', NULL, NULL, NULL, NULL);
INSERT INTO `oms_order` VALUES (51, 1, NULL, '202210280100000002', '2022-10-28 15:27:41', 'test', 5999.00, 5999.00, 0.00, 0.00, 0.00, 0.00, 0.00, 2, 1, 1, 0, NULL, NULL, 15, 0, 0, '无优惠', NULL, NULL, NULL, NULL, NULL, '大梨', '18033441849', '518000', '广东省', '深圳市', '福田区', '东晓街道', NULL, 0, 0, NULL, '2022-10-28 15:27:44', NULL, NULL, NULL, NULL);
INSERT INTO `oms_order` VALUES (52, 1, 30, '202211090100000001', '2022-11-09 15:14:58', 'test', 2999.00, 2799.00, 0.00, 0.00, 0.00, 200.00, 0.00, 2, 1, 3, 0, '顺丰快递', '1233', 15, 0, 0, '无优惠', NULL, NULL, NULL, NULL, NULL, '大梨', '18033441849', '518000', '广东省', '深圳市', '福田区', '东晓街道', NULL, 1, 0, NULL, '2022-11-09 15:15:00', '2022-11-09 15:16:12', '2022-11-09 15:16:31', NULL, NULL);
INSERT INTO `oms_order` VALUES (53, 1, 27, '202211090100000002', '2022-11-09 15:25:38', 'test', 3599.00, 3589.00, 0.00, 0.00, 0.00, 10.00, 0.00, 2, 1, 1, 0, NULL, NULL, 15, 0, 0, '无优惠', NULL, NULL, NULL, NULL, NULL, '大梨', '18033441849', '518000', '广东省', '深圳市', '福田区', '东晓街道', NULL, 0, 0, NULL, '2022-11-09 15:25:41', NULL, NULL, NULL, NULL);
INSERT INTO `oms_order` VALUES (54, 1, 29, '202211090100000003', '2022-11-09 15:26:11', 'test', 5999.00, 5399.00, 0.00, 0.00, 0.00, 600.00, 0.00, 2, 1, 1, 0, NULL, NULL, 15, 0, 0, '无优惠', NULL, NULL, NULL, NULL, NULL, '大梨', '18033441849', '518000', '广东省', '深圳市', '福田区', '东晓街道', NULL, 0, 0, NULL, '2022-11-09 15:26:13', NULL, NULL, NULL, NULL);
INSERT INTO `oms_order` VALUES (55, 1, NULL, '202211100100000001', '2022-11-10 16:57:59', 'test', 11998.00, 11998.00, 0.00, 0.00, 0.00, 0.00, 0.00, 0, 1, 4, 0, NULL, NULL, 15, 0, 0, '无优惠', NULL, NULL, NULL, NULL, NULL, '大梨', '18033441849', '518000', '广东省', '深圳市', '福田区', '东晓街道', NULL, 0, 0, NULL, NULL, NULL, NULL, NULL, NULL);
INSERT INTO `oms_order` VALUES (56, 1, 28, '202211110100000001', '2022-11-11 16:12:42', 'test', 2999.00, 2899.00, 0.00, 0.00, 0.00, 100.00, 0.00, 2, 1, 1, 0, NULL, NULL, 15, 0, 0, '无优惠', NULL, NULL, NULL, NULL, NULL, '大梨', '18033441849', '518000', '广东省', '深圳市', '福田区', '东晓街道', NULL, 0, 0, NULL, '2022-11-11 16:12:48', NULL, NULL, NULL, NULL);
INSERT INTO `oms_order` VALUES (57, 1, NULL, '202211110100000002', '2022-11-11 16:13:14', 'test', 2999.00, 2999.00, 0.00, 0.00, 0.00, 0.00, 0.00, 2, 1, 1, 0, NULL, NULL, 15, 0, 0, '无优惠', NULL, NULL, NULL, NULL, NULL, '大梨', '18033441849', '518000', '广东省', '深圳市', '福田区', '东晓街道', NULL, 0, 0, NULL, '2022-11-11 16:13:21', NULL, NULL, NULL, NULL);
INSERT INTO `oms_order` VALUES (58, 1, NULL, '202211110100000003', '2022-11-11 16:15:08', 'test', 5999.00, 5999.00, 0.00, 0.00, 0.00, 0.00, 0.00, 2, 1, 1, 0, NULL, NULL, 15, 0, 0, '无优惠', NULL, NULL, NULL, NULL, NULL, '大梨', '18033441849', '518000', '广东省', '深圳市', '福田区', '东晓街道', NULL, 0, 0, NULL, '2022-11-11 16:17:46', NULL, NULL, NULL, NULL);
INSERT INTO `oms_order` VALUES (59, 1, NULL, '202211110100000004', '2022-11-11 16:21:12', 'test', 649.00, 599.00, 0.00, 50.00, 0.00, 0.00, 0.00, 0, 1, 4, 0, NULL, NULL, 15, 649, 649, '满减优惠：满500.00元，减50.00元', NULL, NULL, NULL, NULL, NULL, '大梨', '18033441849', '518000', '广东省', '深圳市', '福田区', '东晓街道', NULL, 0, 0, NULL, NULL, NULL, NULL, NULL, NULL);
INSERT INTO `oms_order` VALUES (60, 1, NULL, '202211160100000001', '2022-11-16 10:36:08', 'test', 11097.00, 11097.00, 0.00, 0.00, 0.00, 0.00, 0.00, 2, 1, 3, 0, '顺丰快递', '1234555', 15, 0, 0, '无优惠;无优惠;无优惠', NULL, NULL, NULL, NULL, NULL, '大梨', '18033441849', '518000', '广东省', '深圳市', '福田区', '东晓街道', NULL, 1, 0, NULL, '2022-11-16 10:37:25', '2022-11-16 10:42:50', '2022-11-16 10:44:40', NULL, NULL);
INSERT INTO `oms_order` VALUES (61, 1, NULL, '202212210100000001', '2022-12-21 15:49:08', 'test', 2999.00, 2999.00, 0.00, 0.00, 0.00, 0.00, 0.00, 0, 1, 4, 0, NULL, NULL, 15, 0, 0, '无优惠', NULL, NULL, NULL, NULL, NULL, '大梨', '18033441849', '518000', '广东省', '深圳市', '福田区', '东晓街道', NULL, 0, 0, NULL, NULL, NULL, NULL, NULL, NULL);
INSERT INTO `oms_order` VALUES (62, 1, NULL, '202212210100000002', '2022-12-21 15:49:57', 'test', 8098.00, 8098.00, 0.00, 0.00, 0.00, 0.00, 0.00, 2, 1, 3, 0, '顺丰快递', 'SDFERR7845', 15, 0, 0, '无优惠;无优惠', NULL, NULL, NULL, NULL, NULL, '大梨', '18033441849', '518000', '广东省', '深圳市', '福田区', '东晓街道', NULL, 1, 0, NULL, '2022-12-21 15:50:00', '2022-12-21 15:50:23', '2022-12-21 15:50:33', NULL, NULL);
INSERT INTO `oms_order` VALUES (63, 1, NULL, '202212210100000003', '2022-12-21 15:51:09', 'test', 2999.00, 2999.00, 0.00, 0.00, 0.00, 0.00, 0.00, 2, 1, 2, 0, '顺丰快递', '112', 15, 0, 0, '无优惠', NULL, NULL, NULL, NULL, NULL, '大梨', '18033441849', '518000', '广东省', '深圳市', '福田区', '东晓街道', NULL, 0, 0, NULL, '2022-12-21 15:51:11', '2023-01-10 10:14:12', NULL, NULL, NULL);
INSERT INTO `oms_order` VALUES (64, 1, NULL, '202212210100000004', '2022-12-21 15:51:35', 'test', 2099.00, 2099.00, 0.00, 0.00, 0.00, 0.00, 0.00, 0, 1, 4, 0, NULL, NULL, 15, 0, 0, '无优惠', NULL, NULL, NULL, NULL, NULL, '大梨', '18033441849', '518000', '广东省', '深圳市', '福田区', '东晓街道', NULL, 0, 0, NULL, NULL, NULL, NULL, NULL, NULL);
INSERT INTO `oms_order` VALUES (65, 1, 28, '202212210100000005', '2022-12-21 16:53:07', 'test', 5098.00, 4788.00, 0.00, 200.00, 10.00, 100.00, 0.00, 2, 1, 2, 0, '圆通快递', '115', 15, 0, 0, '满减优惠：满2000.00元，减200.00元;无优惠', NULL, NULL, NULL, NULL, NULL, '大梨', '18033441849', '518000', '广东省', '深圳市', '福田区', '东晓街道', NULL, 0, 0, NULL, '2022-12-21 16:53:58', '2023-01-10 10:14:12', NULL, NULL, NULL);
INSERT INTO `oms_order` VALUES (66, 1, NULL, '202301100100000001', '2023-01-10 15:34:59', 'test', 5998.00, 5798.00, 0.00, 200.00, 0.00, 0.00, 0.00, 0, 1, 4, 0, NULL, NULL, 15, 0, 0, '满减优惠：满2000.00元，减200.00元', NULL, NULL, NULL, NULL, NULL, '大梨', '18033441849', '518000', '广东省', '深圳市', '福田区', '东晓街道', NULL, 0, 0, NULL, NULL, NULL, NULL, NULL, NULL);
INSERT INTO `oms_order` VALUES (67, 1, NULL, '202301100100000002', '2023-01-10 15:39:07', 'test', 3788.00, 3488.00, 0.00, 300.00, 0.00, 0.00, 0.00, 2, 1, 1, 0, NULL, NULL, 15, 3788, 3788, '满减优惠：满3000.00元，减300.00元', NULL, NULL, NULL, NULL, NULL, '大梨', '18033441849', '518000', '广东省', '深圳市', '福田区', '东晓街道', NULL, 0, 0, NULL, '2023-01-10 15:39:16', NULL, NULL, NULL, NULL);
INSERT INTO `oms_order` VALUES (68, 1, NULL, '202301100100000003', '2023-01-10 16:58:19', 'test', 3999.00, 3899.00, 0.00, 100.00, 0.00, 0.00, 0.00, 2, 1, 1, 0, NULL, NULL, 15, 3788, 3788, '单品促销', NULL, NULL, NULL, NULL, NULL, '大梨', '18033441849', '518000', '广东省', '深圳市', '福田区', '东晓街道', NULL, 0, 0, NULL, '2023-01-10 16:58:21', NULL, NULL, NULL, NULL);

-- ----------------------------
-- Table structure for oms_order_item
-- ----------------------------
DROP TABLE IF EXISTS `oms_order_item`;
CREATE TABLE `oms_order_item`  (
  `id` bigint(20) NOT NULL AUTO_INCREMENT,
  `order_id` bigint(20) NULL DEFAULT NULL COMMENT '订单id',
  `order_sn` varchar(64) CHARACTER SET utf8 COLLATE utf8_general_ci NULL DEFAULT NULL COMMENT '订单编号',
  `product_id` bigint(20) NULL DEFAULT NULL,
  `product_pic` varchar(500) CHARACTER SET utf8 COLLATE utf8_general_ci NULL DEFAULT NULL,
  `product_name` varchar(200) CHARACTER SET utf8 COLLATE utf8_general_ci NULL DEFAULT NULL,
  `product_brand` varchar(200) CHARACTER SET utf8 COLLATE utf8_general_ci NULL DEFAULT NULL,
  `product_sn` varchar(64) CHARACTER SET utf8 COLLATE utf8_general_ci NULL DEFAULT NULL,
  `product_price` decimal(10, 2) NULL DEFAULT NULL COMMENT '销售价格',
  `product_quantity` int(11) NULL DEFAULT NULL COMMENT '购买数量',
  `product_sku_id` bigint(20) NULL DEFAULT NULL COMMENT '商品sku编号',
  `product_sku_code` varchar(50) CHARACTER SET utf8 COLLATE utf8_general_ci NULL DEFAULT NULL COMMENT '商品sku条码',
  `product_category_id` bigint(20) NULL DEFAULT NULL COMMENT '商品分类id',
  `promotion_name` varchar(200) CHARACTER SET utf8 COLLATE utf8_general_ci NULL DEFAULT NULL COMMENT '商品促销名称',
  `promotion_amount` decimal(10, 2) NULL DEFAULT NULL COMMENT '商品促销分解金额',
  `coupon_amount` decimal(10, 2) NULL DEFAULT NULL COMMENT '优惠券优惠分解金额',
  `integration_amount` decimal(10, 2) NULL DEFAULT NULL COMMENT '积分优惠分解金额',
  `real_amount` decimal(10, 2) NULL DEFAULT NULL COMMENT '该商品经过优惠后的分解金额',
  `gift_integration` int(11) NULL DEFAULT 0,
  `gift_growth` int(11) NULL DEFAULT 0,
  `product_attr` varchar(500) CHARACTER SET utf8 COLLATE utf8_general_ci NULL DEFAULT NULL COMMENT '商品销售属性:[{\"key\":\"颜色\",\"value\":\"颜色\"},{\"key\":\"容量\",\"value\":\"4G\"}]',
  PRIMARY KEY (`id`) USING BTREE
) ENGINE = InnoDB AUTO_INCREMENT = 104 CHARACTER SET = utf8 COLLATE = utf8_general_ci COMMENT = '订单中所包含的商品' ROW_FORMAT = Dynamic;

-- ----------------------------
-- Records of oms_order_item
-- ----------------------------
INSERT INTO oms_order_item
VALUES (103, 68, ''202301100100000003 '', 26,
        '' / Users / liangyepianzhou / Desktop / homework / mall / mall / document / resource / picture / furniture -
        collection - vector - interior - design - 260nw - 1056717971.webp'', ''北欧风简约皮艺双人沙发'', ''嘉丽'',
        ''7398713 '', 2699.00, 1, 111, ''202301100100000003 '', 37, ''促销活动'', 0.00, 0.00, 0.00, 2699.00, 0, 0,
        ''[{"key":"颜色", "value":"米白色"}, {"key" : "尺寸", "value":"双人座"}]'');
INSERT INTO oms_order_item
VALUES (104, 68, ''202301100100000003 '', 27,
        '' / Users / liangyepianzhou / Desktop / homework / mall / mall / document / resource / picture / furniture -
        collection - vector - interior - design - 260nw - 1056717971.webp'', ''北欧简约现代轻奢卧室床'', ''嘉丽'',
        ''7398714 '', 2200.00, 1, 111, ''202301100100000003 '', 37, ''促销活动'', 0.00, 0.00, 0.00, 2200.00, 0, 0,
        ''[{"key":"颜色", "value":"棕色"}, {"key" : "尺寸", "value":"1.5米"}]'');
INSERT INTO oms_order_item
VALUES (105, 68, ''202301100100000003 '', 28,
        '' / Users / liangyepianzhou / Desktop / homework / mall / mall / document / resource / picture / furniture -
        collection - vector - interior - design - 260nw - 1056717971.webp'', ''欧式餐桌椅套装'', ''嘉丽'', ''7398715 '',
        120.00, 1, 111, ''202301100100000003 '', 37, ''促销活动'', 0.00, 0.00, 0.00, 120.00, 0, 0, ''[{"key":"颜色",
        "value":"褐色"}, {"key" : "材质", "value":"实木"}]'');
INSERT INTO oms_order_item
VALUES (106, 68, ''202301100100000003 '', 26,
        '' / Users / liangyepianzhou / Desktop / homework / mall / mall / document / resource / picture / furniture -
        collection - vector - interior - design - 260nw - 1056717971.webp'', ''北欧风简约皮艺双人沙发'', ''嘉丽'',
        ''7398713 '', 2699.00, 1, 111, ''202301100100000003 '', 37, ''促销活动'', 0.00, 0.00, 0.00, 2699.00, 0, 0,
        ''[{"key":"颜色", "value":"米白色"}, {"key" : "尺寸", "value":"双人座"}]'');
INSERT INTO oms_order_item
VALUES (107, 68, ''202301100100000003 '', 27,
        '' / Users / liangyepianzhou / Desktop / homework / mall / mall / document / resource / picture / furniture -
        collection - vector - interior - design - 260nw - 1056717971.webp'', ''北欧简约现代轻奢卧室床'', ''嘉丽'',
        ''7398714 '', 2200.00, 1, 111, ''202301100100000003 '', 37, ''促销活动'', 0.00, 0.00, 0.00, 2200.00, 0, 0,
        ''[{"key":"颜色", "value":"棕色"}, {"key" : "尺寸", "value":"1.5米"}]'');
INSERT INTO oms_order_item
VALUES (108, 68, ''202301100100000003 '', 28,
        '' / Users / liangyepianzhou / Desktop / homework / mall / mall / document / resource / picture / furniture -
        collection - vector - interior - design - 260nw - 1056717971.webp'', ''欧式餐桌椅套装'', ''嘉丽'', ''7398715 '',
        120.00, 1, 111, ''202301100100000003 '', 37, ''促销活动'', 0.00, 0.00, 0.00, 120.00, 0, 0, ''[{"key":"颜色",
        "value":"褐色"}, {"key" : "材质", "value":"实木"}]'');
INSERT INTO oms_order_item
VALUES (109, 68, ''202301100100000003 '', 26,
        '' / Users / liangyepianzhou / Desktop / homework / mall / mall / document / resource / picture / furniture -
        collection - vector - interior - design - 260nw - 1056717971.webp'', ''北欧风简约皮艺双人沙发'', ''嘉丽'',
        ''7398713 '', 2699.00, 1, 111, ''202301100100000003 '', 37, ''促销活动'', 0.00, 0.00, 0.00, 2699.00, 0, 0,
        ''[{"key":"颜色", "value":"米白色"}, {"key" : "尺寸", "value":"双人座"}]'');
INSERT INTO oms_order_item
VALUES (110, 68, ''202301100100000003 '', 27,
        '' / Users / liangyepianzhou / Desktop / homework / mall / mall / document / resource / picture / furniture -
        collection - vector - interior - design - 260nw - 1056717971.webp'', ''北欧简约现代轻奢卧室床'', ''嘉丽'',
        ''7398714 '', 2200.00, 1, 111, ''202301100100000003 '', 37, ''促销活动'', 0.00, 0.00, 0.00, 2200.00, 0, 0,
        ''[{"key":"颜色", "value":"棕色"}, {"key" : "尺寸", "value":"1.5米"}]'');
INSERT INTO oms_order_item
VALUES (115, 68, ''202301100100000003 '', 28,
        '' / Users / liangyepianzhou / Desktop / homework / mall / mall / document / resource / picture / furniture -
        collection - vector - interior - design - 260nw - 1056717971.webp'', ''欧式餐桌椅套装'', ''嘉丽'', ''7398715 '',
        120.00, 1, 111, ''202301100100000003 '', 37, ''促销活动'', 0.00, 0.00, 0.00, 120.00, 0, 0, ''[{"key":"颜色",
        "value":"褐色"}, {"key" : "材质", "value":"实木"}]'');
INSERT INTO oms_order_item
VALUES (116, 68, ''202301100100000003 '', 26,
        '' / Users / liangyepianzhou / Desktop / homework / mall / mall / document / resource / picture / furniture -
        collection - vector - interior - design - 260nw - 1056717971.webp'', ''北欧风简约皮艺双人沙发'', ''嘉丽'',
        ''7398713 '', 2699.00, 1, 111, ''202301100100000003 '', 37, ''促销活动'', 0.00, 0.00, 0.00, 2699.00, 0, 0,
        ''[{"key":"颜色", "value":"米白色"}, {"key" : "尺寸", "value":"双人座"}]'');
INSERT INTO oms_order_item
VALUES (117, 68, ''202301100100000003 '', 27,
        '' / Users / liangyepianzhou / Desktop / homework / mall / mall / document / resource / picture / furniture -
        collection - vector - interior - design - 260nw - 1056717971.webp'', ''北欧简约现代轻奢卧室床'', ''嘉丽'',
        ''7398714 '', 2200.00, 1, 111, ''202301100100000003 '', 37, ''促销活动'', 0.00, 0.00, 0.00, 2200.00, 0, 0,
        ''[{"key":"颜色", "value":"棕色"}, {"key" : "尺寸", "value":"1.5米"}]'');
INSERT INTO oms_order_item
VALUES (118, 68, ''202301100100000003 '', 28,
        '' / Users / liangyepianzhou / Desktop / homework / mall / mall / document / resource / picture / furniture -
        collection - vector - interior - design - 260nw - 1056717971.webp'', ''欧式餐桌椅套装'', ''嘉丽'', ''7398715 '',
        120.00, 1, 111, ''202301100100000003 '', 37, ''促销活动'', 0.00, 0.00, 0.00, 120.00, 0, 0, ''[{"key":"颜色",
        "value":"褐色"}, {"key" : "材质", "value":"实木"}]'');
INSERT INTO oms_order_item
VALUES (119, 68, ''202301100100000003 '', 26,
        '' / Users / liangyepianzhou / Desktop / homework / mall / mall / document / resource / picture / furniture -
        collection - vector - interior - design - 260nw - 1056717971.webp'', ''北欧风简约皮艺双人沙发'', ''嘉丽'',
        ''7398713 '', 2699.00, 1, 111, ''202301100100000003 '', 37, ''促销活动'', 0.00, 0.00, 0.00, 2699.00, 0, 0,
        ''[{"key":"颜色", "value":"米白色"}, {"key" : "尺寸", "value":"双人座"}]'');
INSERT INTO oms_order_item
VALUES (120, 68, ''202301100100000003 '', 27,
        '' / Users / liangyepianzhou / Desktop / homework / mall / mall / document / resource / picture / furniture -
        collection - vector - interior - design - 260nw - 1056717971.webp'', ''北欧简约现代轻奢卧室床'', ''嘉丽'',
        ''7398714 '', 2200.00, 1, 111, ''202301100100000003 '', 37, ''促销活动'', 0.00, 0.00, 0.00, 2200.00, 0, 0,
        ''[{"key":"颜色", "value":"棕色"}, {"key" : "尺寸", "value":"1.5米"}]'');
INSERT INTO oms_order_item
VALUES (121, 68, ''202301100100000003 '', 28,
        '' / Users / liangyepianzhou / Desktop / homework / mall / mall / document / resource / picture / furniture -
        collection - vector - interior - design - 260nw - 1056717971.webp'', ''欧式餐桌椅套装'', ''嘉丽'', ''7398715 '',
        120.00, 1, 111, ''202301100100000003 '', 37, ''促销活动'', 0.00, 0.00, 0.00, 120.00, 0, 0, ''[{"key":"颜色",
        "value":"褐色"}, {"key" : "材质", "value":"实木"}]'');
INSERT INTO oms_order_item
VALUES (122, 68, ''202301100100000003 '', 26,
        '' / Users / liangyepianzhou / Desktop / homework / mall / mall / document / resource / picture / furniture -
        collection - vector - interior - design - 260nw - 1056717971.webp'', ''北欧风简约皮艺双人沙发'', ''嘉丽'',
        ''7398713 '', 2699.00, 1, 111, ''202301100100000003 '', 37, ''促销活动'', 0.00, 0.00, 0.00, 2699.00, 0, 0,
        ''[{"key":"颜色", "value":"米白色"}, {"key" : "尺寸", "value":"双人座"}]'');
INSERT INTO oms_order_item
VALUES (123, 68, ''202301100100000003 '', 27,
        '' / Users / liangyepianzhou / Desktop / homework / mall / mall / document / resource / picture / furniture -
        collection - vector - interior - design - 260nw - 1056717971.webp'', ''北欧简约现代轻奢卧室床'', ''嘉丽'',
        ''7398714 '', 2200.00, 1, 111, ''202301100100000003 '', 37, ''促销活动'', 0.00, 0.00, 0.00, 2200.00, 0, 0,
        ''[{"key":"颜色", "value":"棕色"}, {"key" : "尺寸", "value":"1.5米"}]'');
INSERT INTO oms_order_item
VALUES (124, 68, ''202301100100000003 '', 28,
        '' / Users / liangyepianzhou / Desktop / homework / mall / mall / document / resource / picture / furniture -
        collection - vector - interior - design - 260nw - 1056717971.webp'', ''欧式餐桌椅套装'', ''嘉丽'', ''7398715 '',
        120.00, 1, 111, ''202301100100000003 '', 37, ''促销活动'', 0.00, 0.00, 0.00, 120.00, 0, 0, ''[{"key":"颜色",
        "value":"褐色"}, {"key" : "材质", "value":"实木"}]'');
INSERT INTO oms_order_item
VALUES (125, 68, ''202301100100000003 '', 26,
        '' / Users / liangyepianzhou / Desktop / homework / mall / mall / document / resource / picture / furniture -
        collection - vector - interior - design - 260nw - 1056717971.webp'', ''北欧风简约皮艺双人沙发'', ''嘉丽'',
        ''7398713 '', 2699.00, 1, 111, ''202301100100000003 '', 37, ''促销活动'', 0.00, 0.00, 0.00, 2699.00, 0, 0,
        ''[{"key":"颜色", "value":"米白色"}, {"key" : "尺寸", "value":"双人座"}]'');
INSERT INTO oms_order_item
VALUES (126, 68, ''202301100100000003 '', 27,
        '' / Users / liangyepianzhou / Desktop / homework / mall / mall / document / resource / picture / furniture -
        collection - vector - interior - design - 260nw - 1056717971.webp'', ''北欧简约现代轻奢卧室床'', ''嘉丽'',
        ''7398714 '', 2200.00, 1, 111, ''202301100100000003 '', 37, ''促销活动'', 0.00, 0.00, 0.00, 2200.00, 0, 0,
        ''[{"key":"颜色", "value":"棕色"}, {"key" : "尺寸", "value":"1.5米"}]'');
INSERT INTO oms_order_item
VALUES (127, 68, ''202301100100000003 '', 28,
        '' / Users / liangyepianzhou / Desktop / homework / mall / mall / document / resource / picture / furniture -
        collection - vector - interior - design - 260nw - 1056717971.webp'', ''欧式餐桌椅套装'', ''嘉丽'', ''7398715 '',
        120.00, 1, 111, ''202301100100000003 '', 37, ''促销活动'', 0.00, 0.00, 0.00, 120.00, 0, 0, ''[{"key":"颜色",
        "value":"褐色"}, {"key" : "材质", "value":"实木"}]'');
-- ----------------------------
-- Table structure for oms_order_operate_history
-- ----------------------------
DROP TABLE IF EXISTS `oms_order_operate_history`;
CREATE TABLE `oms_order_operate_history`  (
  `id` bigint(20) NOT NULL AUTO_INCREMENT,
  `order_id` bigint(20) NULL DEFAULT NULL COMMENT '订单id',
  `operate_man` varchar(100) CHARACTER SET utf8 COLLATE utf8_general_ci NULL DEFAULT NULL COMMENT '操作人：用户；系统；后台管理员',
  `create_time` datetime NULL DEFAULT NULL COMMENT '操作时间',
  `order_status` int(1) NULL DEFAULT NULL COMMENT '订单状态：0->待付款；1->待发货；2->已发货；3->已完成；4->已关闭；5->无效订单',
  `note` varchar(500) CHARACTER SET utf8 COLLATE utf8_general_ci NULL DEFAULT NULL COMMENT '备注',
  PRIMARY KEY (`id`) USING BTREE
) ENGINE = InnoDB AUTO_INCREMENT = 38 CHARACTER SET = utf8 COLLATE = utf8_general_ci COMMENT = '订单操作历史记录' ROW_FORMAT = Dynamic;

-- ----------------------------
-- Records of oms_order_operate_history
-- ----------------------------
INSERT INTO `oms_order_operate_history` VALUES (5, 12, '后台管理员', '2018-10-12 14:01:29', 2, '完成发货');
INSERT INTO `oms_order_operate_history` VALUES (6, 13, '后台管理员', '2018-10-12 14:01:29', 2, '完成发货');
INSERT INTO `oms_order_operate_history` VALUES (7, 12, '后台管理员', '2018-10-12 14:13:10', 4, '订单关闭:买家退货');
INSERT INTO `oms_order_operate_history` VALUES (8, 13, '后台管理员', '2018-10-12 14:13:10', 4, '订单关闭:买家退货');
INSERT INTO `oms_order_operate_history` VALUES (9, 22, '后台管理员', '2018-10-15 16:31:48', 4, '订单关闭:xxx');
INSERT INTO `oms_order_operate_history` VALUES (10, 22, '后台管理员', '2018-10-15 16:35:08', 4, '订单关闭:xxx');
INSERT INTO `oms_order_operate_history` VALUES (11, 22, '后台管理员', '2018-10-15 16:35:59', 4, '订单关闭:xxx');
INSERT INTO `oms_order_operate_history` VALUES (12, 17, '后台管理员', '2018-10-15 16:43:40', 4, '订单关闭:xxx');
INSERT INTO `oms_order_operate_history` VALUES (13, 25, '后台管理员', '2018-10-15 16:52:14', 4, '订单关闭:xxx');
INSERT INTO `oms_order_operate_history` VALUES (14, 26, '后台管理员', '2018-10-15 16:52:14', 4, '订单关闭:xxx');
INSERT INTO `oms_order_operate_history` VALUES (15, 23, '后台管理员', '2018-10-16 14:41:28', 2, '完成发货');
INSERT INTO `oms_order_operate_history` VALUES (16, 13, '后台管理员', '2018-10-16 14:42:17', 2, '完成发货');
INSERT INTO `oms_order_operate_history` VALUES (17, 18, '后台管理员', '2018-10-16 14:42:17', 2, '完成发货');
INSERT INTO `oms_order_operate_history` VALUES (18, 26, '后台管理员', '2018-10-30 14:37:44', 4, '订单关闭:关闭订单');
INSERT INTO `oms_order_operate_history` VALUES (19, 25, '后台管理员', '2018-10-30 15:07:01', 0, '修改收货人信息');
INSERT INTO `oms_order_operate_history` VALUES (20, 25, '后台管理员', '2018-10-30 15:08:13', 0, '修改费用信息');
INSERT INTO `oms_order_operate_history` VALUES (21, 25, '后台管理员', '2018-10-30 15:08:31', 0, '修改备注信息：xxx');
INSERT INTO `oms_order_operate_history` VALUES (22, 25, '后台管理员', '2018-10-30 15:08:39', 4, '订单关闭:2222');
INSERT INTO `oms_order_operate_history` VALUES (23, 12, '后台管理员', '2019-11-09 16:50:28', 4, '修改备注信息：111');
INSERT INTO `oms_order_operate_history` VALUES (24, 30, '后台管理员', '2020-02-25 16:52:37', 0, '修改费用信息');
INSERT INTO `oms_order_operate_history` VALUES (25, 30, '后台管理员', '2020-02-25 16:52:51', 0, '修改费用信息');
INSERT INTO `oms_order_operate_history` VALUES (26, 30, '后台管理员', '2020-02-25 16:54:03', 2, '完成发货');

-- ----------------------------
-- Table structure for oms_order_return_apply
-- ----------------------------
DROP TABLE IF EXISTS `oms_order_return_apply`;
CREATE TABLE `oms_order_return_apply`  (
  `id` bigint(20) NOT NULL AUTO_INCREMENT,
  `order_id` bigint(20) NULL DEFAULT NULL COMMENT '订单id',
  `company_address_id` bigint(20) NULL DEFAULT NULL COMMENT '收货地址表id',
  `product_id` bigint(20) NULL DEFAULT NULL COMMENT '退货商品id',
  `order_sn` varchar(64) CHARACTER SET utf8 COLLATE utf8_general_ci NULL DEFAULT NULL COMMENT '订单编号',
  `create_time` datetime NULL DEFAULT NULL COMMENT '申请时间',
  `member_username` varchar(64) CHARACTER SET utf8 COLLATE utf8_general_ci NULL DEFAULT NULL COMMENT '会员用户名',
  `return_amount` decimal(10, 2) NULL DEFAULT NULL COMMENT '退款金额',
  `return_name` varchar(100) CHARACTER SET utf8 COLLATE utf8_general_ci NULL DEFAULT NULL COMMENT '退货人姓名',
  `return_phone` varchar(100) CHARACTER SET utf8 COLLATE utf8_general_ci NULL DEFAULT NULL COMMENT '退货人电话',
  `status` int(1) NULL DEFAULT NULL COMMENT '申请状态：0->待处理；1->退货中；2->已完成；3->已拒绝',
  `handle_time` datetime NULL DEFAULT NULL COMMENT '处理时间',
  `product_pic` varchar(500) CHARACTER SET utf8 COLLATE utf8_general_ci NULL DEFAULT NULL COMMENT '商品图片',
  `product_name` varchar(200) CHARACTER SET utf8 COLLATE utf8_general_ci NULL DEFAULT NULL COMMENT '商品名称',
  `product_brand` varchar(200) CHARACTER SET utf8 COLLATE utf8_general_ci NULL DEFAULT NULL COMMENT '商品品牌',
  `product_attr` varchar(500) CHARACTER SET utf8 COLLATE utf8_general_ci NULL DEFAULT NULL COMMENT '商品销售属性：颜色：红色；尺码：xl;',
  `product_count` int(11) NULL DEFAULT NULL COMMENT '退货数量',
  `product_price` decimal(10, 2) NULL DEFAULT NULL COMMENT '商品单价',
  `product_real_price` decimal(10, 2) NULL DEFAULT NULL COMMENT '商品实际支付单价',
  `reason` varchar(200) CHARACTER SET utf8 COLLATE utf8_general_ci NULL DEFAULT NULL COMMENT '原因',
  `description` varchar(500) CHARACTER SET utf8 COLLATE utf8_general_ci NULL DEFAULT NULL COMMENT '描述',
  `proof_pics` varchar(1000) CHARACTER SET utf8 COLLATE utf8_general_ci NULL DEFAULT NULL COMMENT '凭证图片，以逗号隔开',
  `handle_note` varchar(500) CHARACTER SET utf8 COLLATE utf8_general_ci NULL DEFAULT NULL COMMENT '处理备注',
  `handle_man` varchar(100) CHARACTER SET utf8 COLLATE utf8_general_ci NULL DEFAULT NULL COMMENT '处理人员',
  `receive_man` varchar(100) CHARACTER SET utf8 COLLATE utf8_general_ci NULL DEFAULT NULL COMMENT '收货人',
  `receive_time` datetime NULL DEFAULT NULL COMMENT '收货时间',
  `receive_note` varchar(500) CHARACTER SET utf8 COLLATE utf8_general_ci NULL DEFAULT NULL COMMENT '收货备注',
  PRIMARY KEY (`id`) USING BTREE
) ENGINE = InnoDB AUTO_INCREMENT = 27 CHARACTER SET = utf8 COLLATE = utf8_general_ci COMMENT = '订单退货申请' ROW_FORMAT = Dynamic;

-- ----------------------------
-- Records of oms_order_return_apply
-- ----------------------------
INSERT INTO furniture_rental_return_apply VALUES (3, 12, 1, 26, '202201010101000001', '2022-03-14 14:34:57', 'test', 0.00, '张三', '18000000000', 2, '2022-03-15 10:16:18', '/Users/liangyepianzhou/Desktop/homework/mall/mall/document/resource/picture/furniture-collection-vector-interior-design-260nw-1056717971.webp', '红木梳妆台', '高档家具', '颜色：黑色；尺寸：1205080cm', 1, 1200.00, 1000.00, '质量问题', '有划痕', '/Users/liangyepianzhou/Desktop/homework/mall/mall/document/resource/picture/furniture-collection-vector-interior-design-260nw-1056717971.webp,/Users/liangyepianzhou/Desktop/homework/mall/mall/document/resource/picture/furniture-collection-vector-interior-design-260nw-1056717972.webp', '请及时处理', 'admin', 'admin', '2022-03-16 10:16:26', NULL);
INSERT INTO furniture_rental_return_apply VALUES (4, 12, 2, 27, '202201010101000001', '2022-03-14 14:40:21', 'test', 1000.00, '李四', '18000000000', 1, '2022-03-15 13:54:10', '/Users/liangyepianzhou/Desktop/homework/mall/mall/document/resource/picture/furniture-collection-vector-interior-design-260nw-1056717973.webp', '现代简约沙发', '时尚家具', '颜色：灰色；尺寸：2008070cm', 1, 2800.00, 2000.00, '质量问题', '太硬', '', '已经处理了', 'admin', NULL, NULL, NULL);
INSERT INTO furniture_rental_return_apply VALUES (5, 12, 3, 28, '202201010101000001', '2022-03-14 14:44:18', 'test', 1200.00, '王五', '18000000000', 2, '2022-03-15 13:55:28', '/Users/liangyepianzhou/Desktop/homework/mall/mall/document/resource/picture/furniture-collection-vector-interior-design-260nw-1056717974.webp', '欧式仿古床', '古典家具', '颜色：白色；尺寸：180*200cm', 1, 3600.00, 3000.00, '质量问题', '床头有裂痕', '', '已经处理了', 'admin', 'admin', '2022-03-16 13:55:58', '已经处理了');
-- ----------------------------
-- Table structure for oms_order_return_reason
-- ----------------------------
DROP TABLE IF EXISTS `oms_order_return_reason`;
CREATE TABLE `oms_order_return_reason`  (
  `id` bigint(20) NOT NULL AUTO_INCREMENT,
  `name` varchar(100) CHARACTER SET utf8 COLLATE utf8_general_ci NULL DEFAULT NULL COMMENT '退货类型',
  `sort` int(11) NULL DEFAULT NULL,
  `status` int(1) NULL DEFAULT NULL COMMENT '状态：0->不启用；1->启用',
  `create_time` datetime NULL DEFAULT NULL COMMENT '添加时间',
  PRIMARY KEY (`id`) USING BTREE
) ENGINE = InnoDB AUTO_INCREMENT = 16 CHARACTER SET = utf8 COLLATE = utf8_general_ci COMMENT = '退货原因表' ROW_FORMAT = Dynamic;

-- ----------------------------
-- Records of oms_order_return_reason
-- ----------------------------
INSERT INTO `oms_order_return_reason` VALUES (1, '质量问题', 1, 1, '2018-10-17 10:00:45');
INSERT INTO `oms_order_return_reason` VALUES (2, '尺码太大', 1, 1, '2018-10-17 10:01:03');
INSERT INTO `oms_order_return_reason` VALUES (3, '颜色不喜欢', 1, 1, '2018-10-17 10:01:13');
INSERT INTO `oms_order_return_reason` VALUES (4, '7天无理由退货', 1, 1, '2018-10-17 10:01:47');
INSERT INTO `oms_order_return_reason` VALUES (5, '价格问题', 1, 0, '2018-10-17 10:01:57');
INSERT INTO `oms_order_return_reason` VALUES (12, '发票问题', 0, 1, '2018-10-19 16:28:36');
INSERT INTO `oms_order_return_reason` VALUES (13, '其他问题', 0, 1, '2018-10-19 16:28:51');
INSERT INTO `oms_order_return_reason` VALUES (14, '物流问题', 0, 1, '2018-10-19 16:29:01');
INSERT INTO `oms_order_return_reason` VALUES (15, '售后问题', 0, 1, '2018-10-19 16:29:11');

-- ----------------------------
-- Table structure for oms_order_setting
-- ----------------------------
DROP TABLE IF EXISTS `oms_order_setting`;
CREATE TABLE `oms_order_setting`  (
  `id` bigint(20) NOT NULL AUTO_INCREMENT,
  `flash_order_overtime` int(11) NULL DEFAULT NULL COMMENT '秒杀订单超时关闭时间(分)',
  `normal_order_overtime` int(11) NULL DEFAULT NULL COMMENT '正常订单超时时间(分)',
  `confirm_overtime` int(11) NULL DEFAULT NULL COMMENT '发货后自动确认收货时间（天）',
  `finish_overtime` int(11) NULL DEFAULT NULL COMMENT '自动完成交易时间，不能申请售后（天）',
  `comment_overtime` int(11) NULL DEFAULT NULL COMMENT '订单完成后自动好评时间（天）',
  PRIMARY KEY (`id`) USING BTREE
) ENGINE = InnoDB AUTO_INCREMENT = 2 CHARACTER SET = utf8 COLLATE = utf8_general_ci COMMENT = '订单设置表' ROW_FORMAT = Dynamic;

-- ----------------------------
-- Records of oms_order_setting
-- ----------------------------
INSERT INTO `oms_order_setting` VALUES (1, 60, 120, 15, 7, 7);

-- ----------------------------
-- Table structure for pms_album
-- ----------------------------
DROP TABLE IF EXISTS `pms_album`;
CREATE TABLE `pms_album`  (
  `id` bigint(20) NOT NULL AUTO_INCREMENT,
  `name` varchar(64) CHARACTER SET utf8 COLLATE utf8_general_ci NULL DEFAULT NULL,
  `cover_pic` varchar(1000) CHARACTER SET utf8 COLLATE utf8_general_ci NULL DEFAULT NULL,
  `pic_count` int(11) NULL DEFAULT NULL,
  `sort` int(11) NULL DEFAULT NULL,
  `description` varchar(1000) CHARACTER SET utf8 COLLATE utf8_general_ci NULL DEFAULT NULL,
  PRIMARY KEY (`id`) USING BTREE
) ENGINE = InnoDB AUTO_INCREMENT = 1 CHARACTER SET = utf8 COLLATE = utf8_general_ci COMMENT = '相册表' ROW_FORMAT = Dynamic;

-- ----------------------------
-- Records of pms_album
-- ----------------------------

-- ----------------------------
-- Table structure for pms_album_pic
-- ----------------------------
DROP TABLE IF EXISTS `pms_album_pic`;
CREATE TABLE `pms_album_pic`  (
  `id` bigint(20) NOT NULL AUTO_INCREMENT,
  `album_id` bigint(20) NULL DEFAULT NULL,
  `pic` varchar(1000) CHARACTER SET utf8 COLLATE utf8_general_ci NULL DEFAULT NULL,
  PRIMARY KEY (`id`) USING BTREE
) ENGINE = InnoDB AUTO_INCREMENT = 1 CHARACTER SET = utf8 COLLATE = utf8_general_ci COMMENT = '画册图片表' ROW_FORMAT = Dynamic;

-- ----------------------------
-- Records of pms_album_pic
-- ----------------------------

-- ----------------------------
-- Table structure for pms_brand
-- ----------------------------
DROP TABLE IF EXISTS `pms_brand`;
CREATE TABLE `pms_brand`  (
  `id` bigint(20) NOT NULL AUTO_INCREMENT,
  `name` varchar(64) CHARACTER SET utf8 COLLATE utf8_general_ci NULL DEFAULT NULL,
  `first_letter` varchar(8) CHARACTER SET utf8 COLLATE utf8_general_ci NULL DEFAULT NULL COMMENT '首字母',
  `sort` int(11) NULL DEFAULT NULL,
  `factory_status` int(1) NULL DEFAULT NULL COMMENT '是否为品牌制造商：0->不是；1->是',
  `show_status` int(1) NULL DEFAULT NULL,
  `product_count` int(11) NULL DEFAULT NULL COMMENT '产品数量',
  `product_comment_count` int(11) NULL DEFAULT NULL COMMENT '产品评论数量',
  `logo` varchar(255) CHARACTER SET utf8 COLLATE utf8_general_ci NULL DEFAULT NULL COMMENT '品牌logo',
  `big_pic` varchar(255) CHARACTER SET utf8 COLLATE utf8_general_ci NULL DEFAULT NULL COMMENT '专区大图',
  `brand_story` text CHARACTER SET utf8 COLLATE utf8_general_ci NULL COMMENT '品牌故事',
  PRIMARY KEY (`id`) USING BTREE
) ENGINE = InnoDB AUTO_INCREMENT = 60 CHARACTER SET = utf8 COLLATE = utf8_general_ci COMMENT = '品牌表' ROW_FORMAT = Dynamic;

-- ----------------------------
-- Records of pms_brand
-- ----------------------------
INSERT INTO pms_brand VALUES (1, '万和', 'W', 0, 1, 1, 100, 100, '/Users/liangyepianzhou/Desktop/homework/mall/mall/document/resource/picture/furniture-collection-vector-interior-design-260nw-1056717971.webp', '/Users/liangyepianzhou/Desktop/homework/mall/mall/document/resource/picture/furniture-collection-vector-interior-design-260nw-1056717971.webp', '万和家具租赁公司成立于1993年8月，总部位于广东顺德国家级高新技术开发区内，是国内生产规模最大的家具租赁专业制造企业，也是中国家具租赁发展战略的首倡者和推动者、中国家具租赁协会理事长单位。');
INSERT INTO pms_brand VALUES (2, '三星家具', 'S', 100, 1, 1, 100, 100, '/Users/liangyepianzhou/Desktop/homework/mall/mall/document/resource/picture/furniture-collection-vector-interior-design-260nw-1056717971.webp', '/Users/liangyepianzhou/Desktop/homework/mall/mall/document/resource/picture/furniture-collection-vector-interior-design-260nw-1056717971.webp', '三星家具集团是韩国最大的家具跨国企业集团，三星家具集团包括众多的国际下属企业，旗下子公司有：三星电子家具、三星物产家具、三星人寿保险家具等，业务涉及家具、金融、机械、化学等众多领域。');
INSERT INTO pms_brand VALUES (3, '华为家具', 'H', 100, 1, 1, 100, 100, '/Users/liangyepianzhou/Desktop/homework/mall/mall/document/resource/picture/furniture-collection-vector-interior-design-260nw-1056717971.webp', '/Users/liangyepianzhou/Desktop/homework/mall/mall/document/resource/picture/furniture-collection-vector-interior-design-260nw-1056717971.webp', '华为家具品牌成立于2013年, 是华为旗下家具双品牌之一。华为家具以“创新、品质、服务”为核心战略, 为全球消费者提供时尚的家居智能化体验, 打造向往的先锋文化和潮流生活方式');
INSERT INTO pms_brand VALUES (4, '格力家具', 'G', 30, 1, 1, 100, 100, '/Users/liangyepianzhou/Desktop/homework/mall/mall/document/resource/picture/furniture-collection-vector-interior-design-260nw-1056717971.webp', NULL, '格力家具公司始终秉承品质为先的原则，专注于家具设计与制造，为消费者提供舒适、时尚的家居生活体验。');
INSERT INTO pms_brand VALUES (5, '方太家具', 'F', 20, 1, 1, 100, 100, '/Users/liangyepianzhou/Desktop/homework/mall/mall/document/resource/picture/furniture-collection-vector-interior-design-260nw-1056717971.webp', NULL, '方太家具公司专注于家具制造领域，以创新设计、精湛工艺和优质服务为核心，致力于为全球消费者提供高品质的家居体验。');
INSERT INTO pms_brand VALUES (6, '小米家具', 'M', 500, 1, 1, 100, 100, '/Users/liangyepianzhou/Desktop/homework/mall/mall/document/resource/picture/furniture-collection-vector-interior-design-260nw-1056717971.webp', '/Users/liangyepianzhou/Desktop/homework/mall/mall/document/resource/picture/furniture-collection-vector-interior-design-260nw-1056717971.webp', '小米家具公司成立于2010年，专注于家具、智能家居产品的研发与制造，主要产品包括家具、互联网电视等，为全球消费者提供智能化、舒适的家居生活体验。');
INSERT INTO pms_brand VALUES (7, '万和', 'W', 0, 1, 1, 100, 100, '/Users/liangyepianzhou/Desktop/homework/mall/mall/document/resource/picture/furniture-collection-vector-interior-design-260nw-1056717971.webp', '/Users/liangyepianzhou/Desktop/homework/mall/mall/document/resource/picture/furniture-collection-vector-interior-design-260nw-1056717971.webp', '万和家具租赁公司成立于1993年8月，总部位于广东顺德国家级高新技术开发区内，是国内生产规模最大的家具租赁专业制造企业，也是中国家具租赁发展战略的首倡者和推动者、中国家具租赁协会理事长单位。');
INSERT INTO pms_brand VALUES (8, '三星家具', 'S', 100, 1, 1, 100, 100, '/Users/liangyepianzhou/Desktop/homework/mall/mall/document/resource/picture/furniture-collection-vector-interior-design-260nw-1056717971.webp', '/Users/liangyepianzhou/Desktop/homework/mall/mall/document/resource/picture/furniture-collection-vector-interior-design-260nw-1056717971.webp', '三星家具集团是韩国最大的家具跨国企业集团，三星家具集团包括众多的国际下属企业，旗下子公司有：三星电子家具、三星物产家具、三星人寿保险家具等，业务涉及家具、金融、机械、化学等众多领域。');
INSERT INTO pms_brand VALUES (9, '华为家具', 'H', 100, 1, 1, 100, 100, '/Users/liangyepianzhou/Desktop/homework/mall/mall/document/resource/picture/furniture-collection-vector-interior-design-260nw-1056717971.webp', '/Users/liangyepianzhou/Desktop/homework/mall/mall/document/resource/picture/furniture-collection-vector-interior-design-260nw-1056717971.webp', '华为家具品牌成立于2013年, 是华为旗下家具双品牌之一。华为家具以“创新、品质、服务”为核心战略, 为全球消费者提供时尚的家居智能化体验, 打造向往的先锋文化和潮流生活方式');
INSERT INTO pms_brand VALUES (10, '格力家具', 'G', 30, 1, 1, 100, 100, '/Users/liangyepianzhou/Desktop/homework/mall/mall/document/resource/picture/furniture-collection-vector-interior-design-260nw-1056717971.webp', NULL, '格力家具公司始终秉承品质为先的原则，专注于家具设计与制造，为消费者提供舒适、时尚的家居生活体验。');
INSERT INTO pms_brand VALUES (11, '方太家具', 'F', 20, 1, 1, 100, 100, '/Users/liangyepianzhou/Desktop/homework/mall/mall/document/resource/picture/furniture-collection-vector-interior-design-260nw-1056717971.webp', NULL, '方太家具公司专注于家具制造领域，以创新设计、精湛工艺和优质服务为核心，致力于为全球消费者提供高品质的家居体验。');
INSERT INTO pms_brand VALUES (12, '小米家具', 'M', 500, 1, 1, 100, 100, '/Users/liangyepianzhou/Desktop/homework/mall/mall/document/resource/picture/furniture-collection-vector-interior-design-260nw-1056717971.webp', '/Users/liangyepianzhou/Desktop/homework/mall/mall/document/resource/picture/furniture-collection-vector-interior-design-260nw-1056717971.webp', '小米家具公司成立于2010年，专注于家具、智能家居产品的研发与制造，主要产品包括家具、互联网电视等，为全球消费者提供智能化、舒适的家居生活体验。');




-- ----------------------------
-- Table structure for pms_comment
-- ----------------------------
DROP TABLE IF EXISTS `pms_comment`;
CREATE TABLE `pms_comment`  (
  `id` bigint(20) NOT NULL AUTO_INCREMENT,
  `product_id` bigint(20) NULL DEFAULT NULL,
  `member_nick_name` varchar(255) CHARACTER SET utf8 COLLATE utf8_general_ci NULL DEFAULT NULL,
  `product_name` varchar(255) CHARACTER SET utf8 COLLATE utf8_general_ci NULL DEFAULT NULL,
  `star` int(3) NULL DEFAULT NULL COMMENT '评价星数：0->5',
  `member_ip` varchar(64) CHARACTER SET utf8 COLLATE utf8_general_ci NULL DEFAULT NULL COMMENT '评价的ip',
  `create_time` datetime NULL DEFAULT NULL,
  `show_status` int(1) NULL DEFAULT NULL,
  `product_attribute` varchar(255) CHARACTER SET utf8 COLLATE utf8_general_ci NULL DEFAULT NULL COMMENT '购买时的商品属性',
  `collect_couont` int(11) NULL DEFAULT NULL,
  `read_count` int(11) NULL DEFAULT NULL,
  `content` text CHARACTER SET utf8 COLLATE utf8_general_ci NULL,
  `pics` varchar(1000) CHARACTER SET utf8 COLLATE utf8_general_ci NULL DEFAULT NULL COMMENT '上传图片地址，以逗号隔开',
  `member_icon` varchar(255) CHARACTER SET utf8 COLLATE utf8_general_ci NULL DEFAULT NULL COMMENT '评论用户头像',
  `replay_count` int(11) NULL DEFAULT NULL,
  PRIMARY KEY (`id`) USING BTREE
) ENGINE = InnoDB AUTO_INCREMENT = 1 CHARACTER SET = utf8 COLLATE = utf8_general_ci COMMENT = '商品评价表' ROW_FORMAT = Dynamic;

-- ----------------------------
-- Records of pms_comment
-- ----------------------------

-- ----------------------------
-- Table structure for pms_comment_replay
-- ----------------------------
DROP TABLE IF EXISTS `pms_comment_replay`;
CREATE TABLE `pms_comment_replay`  (
  `id` bigint(20) NOT NULL AUTO_INCREMENT,
  `comment_id` bigint(20) NULL DEFAULT NULL,
  `member_nick_name` varchar(255) CHARACTER SET utf8 COLLATE utf8_general_ci NULL DEFAULT NULL,
  `member_icon` varchar(255) CHARACTER SET utf8 COLLATE utf8_general_ci NULL DEFAULT NULL,
  `content` varchar(1000) CHARACTER SET utf8 COLLATE utf8_general_ci NULL DEFAULT NULL,
  `create_time` datetime NULL DEFAULT NULL,
  `type` int(1) NULL DEFAULT NULL COMMENT '评论人员类型；0->会员；1->管理员',
  PRIMARY KEY (`id`) USING BTREE
) ENGINE = InnoDB AUTO_INCREMENT = 1 CHARACTER SET = utf8 COLLATE = utf8_general_ci COMMENT = '产品评价回复表' ROW_FORMAT = Dynamic;

-- ----------------------------
-- Records of pms_comment_replay
-- ----------------------------

-- ----------------------------
-- Table structure for pms_feight_template
-- ----------------------------
DROP TABLE IF EXISTS `pms_feight_template`;
CREATE TABLE `pms_feight_template`  (
  `id` bigint(20) NOT NULL AUTO_INCREMENT,
  `name` varchar(64) CHARACTER SET utf8 COLLATE utf8_general_ci NULL DEFAULT NULL,
  `charge_type` int(1) NULL DEFAULT NULL COMMENT '计费类型:0->按重量；1->按件数',
  `first_weight` decimal(10, 2) NULL DEFAULT NULL COMMENT '首重kg',
  `first_fee` decimal(10, 2) NULL DEFAULT NULL COMMENT '首费（元）',
  `continue_weight` decimal(10, 2) NULL DEFAULT NULL,
  `continme_fee` decimal(10, 2) NULL DEFAULT NULL,
  `dest` varchar(255) CHARACTER SET utf8 COLLATE utf8_general_ci NULL DEFAULT NULL COMMENT '目的地（省、市）',
  PRIMARY KEY (`id`) USING BTREE
) ENGINE = InnoDB AUTO_INCREMENT = 1 CHARACTER SET = utf8 COLLATE = utf8_general_ci COMMENT = '运费模版' ROW_FORMAT = Dynamic;

-- ----------------------------
-- Records of pms_feight_template
-- ----------------------------

-- ----------------------------
-- Table structure for pms_member_price
-- ----------------------------
DROP TABLE IF EXISTS `pms_member_price`;
CREATE TABLE `pms_member_price`  (
  `id` bigint(20) NOT NULL AUTO_INCREMENT,
  `product_id` bigint(20) NULL DEFAULT NULL,
  `member_level_id` bigint(20) NULL DEFAULT NULL,
  `member_price` decimal(10, 2) NULL DEFAULT NULL COMMENT '会员价格',
  `member_level_name` varchar(100) CHARACTER SET utf8 COLLATE utf8_general_ci NULL DEFAULT NULL,
  PRIMARY KEY (`id`) USING BTREE
) ENGINE = InnoDB AUTO_INCREMENT = 426 CHARACTER SET = utf8 COLLATE = utf8_general_ci COMMENT = '商品会员价格表' ROW_FORMAT = Dynamic;

-- ----------------------------
-- Records of pms_member_price
-- ----------------------------
INSERT INTO `pms_member_price` VALUES (26, 7, 1, 500.00, NULL);
INSERT INTO `pms_member_price` VALUES (27, 8, 1, 500.00, NULL);
INSERT INTO `pms_member_price` VALUES (28, 9, 1, 500.00, NULL);
INSERT INTO `pms_member_price` VALUES (29, 10, 1, 500.00, NULL);
INSERT INTO `pms_member_price` VALUES (30, 11, 1, 500.00, NULL);
INSERT INTO `pms_member_price` VALUES (31, 12, 1, 500.00, NULL);
INSERT INTO `pms_member_price` VALUES (32, 13, 1, 500.00, NULL);
INSERT INTO `pms_member_price` VALUES (33, 14, 1, 500.00, NULL);
INSERT INTO `pms_member_price` VALUES (37, 18, 1, 500.00, NULL);
INSERT INTO `pms_member_price` VALUES (44, 7, 2, 480.00, NULL);
INSERT INTO `pms_member_price` VALUES (45, 7, 3, 450.00, NULL);
INSERT INTO `pms_member_price` VALUES (52, 22, 1, NULL, NULL);
INSERT INTO `pms_member_price` VALUES (53, 22, 2, NULL, NULL);
INSERT INTO `pms_member_price` VALUES (54, 22, 3, NULL, NULL);
INSERT INTO `pms_member_price` VALUES (58, 24, 1, NULL, NULL);
INSERT INTO `pms_member_price` VALUES (59, 24, 2, NULL, NULL);
INSERT INTO `pms_member_price` VALUES (60, 24, 3, NULL, NULL);
INSERT INTO `pms_member_price` VALUES (112, 23, 1, 88.00, '黄金会员');
INSERT INTO `pms_member_price` VALUES (113, 23, 2, 88.00, '白金会员');
INSERT INTO `pms_member_price` VALUES (114, 23, 3, 66.00, '钻石会员');
INSERT INTO `pms_member_price` VALUES (246, 36, 1, NULL, '黄金会员');
INSERT INTO `pms_member_price` VALUES (247, 36, 2, NULL, '白金会员');
INSERT INTO `pms_member_price` VALUES (248, 36, 3, NULL, '钻石会员');
INSERT INTO `pms_member_price` VALUES (249, 35, 1, NULL, '黄金会员');
INSERT INTO `pms_member_price` VALUES (250, 35, 2, NULL, '白金会员');
INSERT INTO `pms_member_price` VALUES (251, 35, 3, NULL, '钻石会员');
INSERT INTO `pms_member_price` VALUES (258, 30, 1, NULL, '黄金会员');
INSERT INTO `pms_member_price` VALUES (259, 30, 2, NULL, '白金会员');
INSERT INTO `pms_member_price` VALUES (260, 30, 3, NULL, '钻石会员');
INSERT INTO `pms_member_price` VALUES (261, 31, 1, NULL, '黄金会员');
INSERT INTO `pms_member_price` VALUES (262, 31, 2, NULL, '白金会员');
INSERT INTO `pms_member_price` VALUES (263, 31, 3, NULL, '钻石会员');
INSERT INTO `pms_member_price` VALUES (264, 32, 1, NULL, '黄金会员');
INSERT INTO `pms_member_price` VALUES (265, 32, 2, NULL, '白金会员');
INSERT INTO `pms_member_price` VALUES (266, 32, 3, NULL, '钻石会员');
INSERT INTO `pms_member_price` VALUES (270, 33, 1, NULL, '黄金会员');
INSERT INTO `pms_member_price` VALUES (271, 33, 2, NULL, '白金会员');
INSERT INTO `pms_member_price` VALUES (272, 33, 3, NULL, '钻石会员');
INSERT INTO `pms_member_price` VALUES (273, 34, 1, NULL, '黄金会员');
INSERT INTO `pms_member_price` VALUES (274, 34, 2, NULL, '白金会员');
INSERT INTO `pms_member_price` VALUES (275, 34, 3, NULL, '钻石会员');
INSERT INTO `pms_member_price` VALUES (285, 27, 1, NULL, '黄金会员');
INSERT INTO `pms_member_price` VALUES (286, 27, 2, NULL, '白金会员');
INSERT INTO `pms_member_price` VALUES (287, 27, 3, NULL, '钻石会员');
INSERT INTO `pms_member_price` VALUES (294, 28, 1, NULL, '黄金会员');
INSERT INTO `pms_member_price` VALUES (295, 28, 2, NULL, '白金会员');
INSERT INTO `pms_member_price` VALUES (296, 28, 3, NULL, '钻石会员');
INSERT INTO `pms_member_price` VALUES (297, 29, 1, NULL, '黄金会员');
INSERT INTO `pms_member_price` VALUES (298, 29, 2, NULL, '白金会员');
INSERT INTO `pms_member_price` VALUES (299, 29, 3, NULL, '钻石会员');
INSERT INTO `pms_member_price` VALUES (315, 37, 1, NULL, '黄金会员');
INSERT INTO `pms_member_price` VALUES (316, 37, 2, NULL, '白金会员');
INSERT INTO `pms_member_price` VALUES (317, 37, 3, NULL, '钻石会员');
INSERT INTO `pms_member_price` VALUES (381, 38, 1, NULL, '黄金会员');
INSERT INTO `pms_member_price` VALUES (382, 38, 2, NULL, '白金会员');
INSERT INTO `pms_member_price` VALUES (383, 38, 3, NULL, '钻石会员');
INSERT INTO `pms_member_price` VALUES (384, 39, 1, NULL, '黄金会员');
INSERT INTO `pms_member_price` VALUES (385, 39, 2, NULL, '白金会员');
INSERT INTO `pms_member_price` VALUES (386, 39, 3, NULL, '钻石会员');
INSERT INTO `pms_member_price` VALUES (387, 41, 1, NULL, '黄金会员');
INSERT INTO `pms_member_price` VALUES (388, 41, 2, NULL, '白金会员');
INSERT INTO `pms_member_price` VALUES (389, 41, 3, NULL, '钻石会员');
INSERT INTO `pms_member_price` VALUES (390, 42, 1, NULL, '黄金会员');
INSERT INTO `pms_member_price` VALUES (391, 42, 2, NULL, '白金会员');
INSERT INTO `pms_member_price` VALUES (392, 42, 3, NULL, '钻石会员');
INSERT INTO `pms_member_price` VALUES (393, 43, 1, NULL, '黄金会员');
INSERT INTO `pms_member_price` VALUES (394, 43, 2, NULL, '白金会员');
INSERT INTO `pms_member_price` VALUES (395, 43, 3, NULL, '钻石会员');
INSERT INTO `pms_member_price` VALUES (396, 44, 1, NULL, '黄金会员');
INSERT INTO `pms_member_price` VALUES (397, 44, 2, NULL, '白金会员');
INSERT INTO `pms_member_price` VALUES (398, 44, 3, NULL, '钻石会员');
INSERT INTO `pms_member_price` VALUES (399, 45, 1, NULL, '黄金会员');
INSERT INTO `pms_member_price` VALUES (400, 45, 2, NULL, '白金会员');
INSERT INTO `pms_member_price` VALUES (401, 45, 3, NULL, '钻石会员');
INSERT INTO `pms_member_price` VALUES (402, 40, 1, NULL, '黄金会员');
INSERT INTO `pms_member_price` VALUES (403, 40, 2, NULL, '白金会员');
INSERT INTO `pms_member_price` VALUES (404, 40, 3, NULL, '钻石会员');
INSERT INTO `pms_member_price` VALUES (423, 26, 1, NULL, '黄金会员');
INSERT INTO `pms_member_price` VALUES (424, 26, 2, NULL, '白金会员');
INSERT INTO `pms_member_price` VALUES (425, 26, 3, NULL, '钻石会员');

-- ----------------------------
-- Table structure for pms_product
-- ----------------------------
DROP TABLE IF EXISTS `pms_product`;
CREATE TABLE `pms_product`  (
  `id` bigint(20) NOT NULL AUTO_INCREMENT,
  `brand_id` bigint(20) NULL DEFAULT NULL,
  `product_category_id` bigint(20) NULL DEFAULT NULL,
  `feight_template_id` bigint(20) NULL DEFAULT NULL,
  `product_attribute_category_id` bigint(20) NULL DEFAULT NULL,
  `name` varchar(200) CHARACTER SET utf8 COLLATE utf8_general_ci NOT NULL,
  `pic` varchar(255) CHARACTER SET utf8 COLLATE utf8_general_ci NULL DEFAULT NULL,
  `product_sn` varchar(64) CHARACTER SET utf8 COLLATE utf8_general_ci NOT NULL COMMENT '货号',
  `delete_status` int(1) NULL DEFAULT NULL COMMENT '删除状态：0->未删除；1->已删除',
  `publish_status` int(1) NULL DEFAULT NULL COMMENT '上架状态：0->下架；1->上架',
  `new_status` int(1) NULL DEFAULT NULL COMMENT '新品状态:0->不是新品；1->新品',
  `recommand_status` int(1) NULL DEFAULT NULL COMMENT '推荐状态；0->不推荐；1->推荐',
  `verify_status` int(1) NULL DEFAULT NULL COMMENT '审核状态：0->未审核；1->审核通过',
  `sort` int(11) NULL DEFAULT NULL COMMENT '排序',
  `sale` int(11) NULL DEFAULT NULL COMMENT '销量',
  `price` decimal(10, 2) NULL DEFAULT NULL,
  `promotion_price` decimal(10, 2) NULL DEFAULT NULL COMMENT '促销价格',
  `gift_growth` int(11) NULL DEFAULT 0 COMMENT '赠送的成长值',
  `gift_point` int(11) NULL DEFAULT 0 COMMENT '赠送的积分',
  `use_point_limit` int(11) NULL DEFAULT NULL COMMENT '限制使用的积分数',
  `sub_title` varchar(255) CHARACTER SET utf8 COLLATE utf8_general_ci NULL DEFAULT NULL COMMENT '副标题',
  `description` text CHARACTER SET utf8 COLLATE utf8_general_ci NULL COMMENT '商品描述',
  `original_price` decimal(10, 2) NULL DEFAULT NULL COMMENT '市场价',
  `stock` int(11) NULL DEFAULT NULL COMMENT '库存',
  `low_stock` int(11) NULL DEFAULT NULL COMMENT '库存预警值',
  `unit` varchar(16) CHARACTER SET utf8 COLLATE utf8_general_ci NULL DEFAULT NULL COMMENT '单位',
  `weight` decimal(10, 2) NULL DEFAULT NULL COMMENT '商品重量，默认为克',
  `preview_status` int(1) NULL DEFAULT NULL COMMENT '是否为预告商品：0->不是；1->是',
  `service_ids` varchar(64) CHARACTER SET utf8 COLLATE utf8_general_ci NULL DEFAULT NULL COMMENT '以逗号分割的产品服务：1->无忧退货；2->快速退款；3->免费包邮',
  `keywords` varchar(255) CHARACTER SET utf8 COLLATE utf8_general_ci NULL DEFAULT NULL,
  `note` varchar(255) CHARACTER SET utf8 COLLATE utf8_general_ci NULL DEFAULT NULL,
  `album_pics` varchar(255) CHARACTER SET utf8 COLLATE utf8_general_ci NULL DEFAULT NULL COMMENT '画册图片，连产品图片限制为5张，以逗号分割',
  `detail_title` varchar(255) CHARACTER SET utf8 COLLATE utf8_general_ci NULL DEFAULT NULL,
  `detail_desc` text CHARACTER SET utf8 COLLATE utf8_general_ci NULL,
  `detail_html` text CHARACTER SET utf8 COLLATE utf8_general_ci NULL COMMENT '产品详情网页内容',
  `detail_mobile_html` text CHARACTER SET utf8 COLLATE utf8_general_ci NULL COMMENT '移动端网页详情',
  `promotion_start_time` datetime NULL DEFAULT NULL COMMENT '促销开始时间',
  `promotion_end_time` datetime NULL DEFAULT NULL COMMENT '促销结束时间',
  `promotion_per_limit` int(11) NULL DEFAULT NULL COMMENT '活动限购数量',
  `promotion_type` int(1) NULL DEFAULT NULL COMMENT '促销类型：0->没有促销使用原价;1->使用促销价；2->使用会员价；3->使用阶梯价格；4->使用满减价格；5->限时购',
  `brand_name` varchar(255) CHARACTER SET utf8 COLLATE utf8_general_ci NULL DEFAULT NULL COMMENT '品牌名称',
  `product_category_name` varchar(255) CHARACTER SET utf8 COLLATE utf8_general_ci NULL DEFAULT NULL COMMENT '商品分类名称',
  PRIMARY KEY (`id`) USING BTREE
) ENGINE = InnoDB AUTO_INCREMENT = 46 CHARACTER SET = utf8 COLLATE = utf8_general_ci COMMENT = '商品信息' ROW_FORMAT = Dynamic;

-- ----------------------------
-- Records of pms_product
-- ----------------------------
INSERT INTO pms_product VALUES (1, 49, 7, 0, 0, '简约时尚沙发租赁', '/Users/liangyepianzhou/Desktop/homework/mall/mall/document/resource/picture/furniture-collection-vector-interior-design-260nw-1056717971.webp', 'No86577', 1, 1, 1, 1, 1, 100, 0, 100.00, NULL, 0, 100, NULL, '111', '111', 120.00, 100, 20, '件', 1000.00, 0, NULL, '简约时尚沙发租赁', '简约时尚沙发租赁', NULL, '简约时尚沙发租赁', '简约时尚沙发租赁', '简约时尚沙发租赁', '简约时尚沙发租赁', NULL, NULL, NULL, 0, '七匹狼', '家具租赁');
INSERT INTO pms_product VALUES (2, 49, 7, 0, 0, '现代风格餐桌椅租赁', '/Users/liangyepianzhou/Desktop/homework/mall/mall/document/resource/picture/furniture-collection-vector-interior-design-260nw-1056717971.webp', 'No86578', 1, 1, 1, 1, 1, 1, 0, 100.00, NULL, 0, 100, NULL, '111', '111', 120.00, 100, 20, '件', 1000.00, 0, NULL, '现代风格餐桌椅租赁', '现代风格餐桌椅租赁', NULL, '现代风格餐桌椅租赁', '现代风格餐桌椅租赁', '<p>现代风格餐桌椅租赁</p>', '<p>现代风格餐桌椅租赁</p>', NULL, NULL, NULL, 0, '七匹狼', '家具租赁');
INSERT INTO pms_product VALUES (3, 50, 8, 0, 0, '复古风格床租赁', '/Users/liangyepianzhou/Desktop/homework/mall/mall/document/resource/picture/furniture-collection-vector-interior-design-260nw-1056717971.webp', 'No86579', 1, 1, 1, 1, 1, 100, 0, 150.00, NULL, 0, 100, NULL, '222', '222', 170.00, 100, 20, '件', 1000.00, 0, NULL, '复古风格床租赁', '复古风格床租赁', NULL, '复古风格床租赁', '复古风格床租赁', '复古风格床租赁', '复古风格床租赁', NULL, NULL, NULL, 0, '七匹狼', '家具租赁');
INSERT INTO pms_product VALUES (4, 49, 7, 0, 0, '简约时尚沙发租赁', '/Users/liangyepianzhou/Desktop/homework/mall/mall/document/resource/picture/furniture-collection-vector-interior-design-260nw-1056717971.webp', 'No86577', 1, 1, 1, 1, 1, 100, 0, 100.00, NULL, 0, 100, NULL, '111', '111', 120.00, 100, 20, '件', 1000.00, 0, NULL, '简约时尚沙发租赁', '简约时尚沙发租赁', NULL, '简约时尚沙发租赁', '简约时尚沙发租赁', '简约时尚沙发租赁', '简约时尚沙发租赁', NULL, NULL, NULL, 0, '七匹狼', '家具租赁');
INSERT INTO pms_product VALUES (5, 49, 7, 0, 0, '现代风格餐桌椅租赁', '/Users/liangyepianzhou/Desktop/homework/mall/mall/document/resource/picture/furniture-collection-vector-interior-design-260nw-1056717971.webp', 'No86578', 1, 1, 1, 1, 1, 1, 0, 100.00, NULL, 0, 100, NULL, '111', '111', 120.00, 100, 20, '件', 1000.00, 0, NULL, '现代风格餐桌椅租赁', '现代风格餐桌椅租赁', NULL, '现代风格餐桌椅租赁', '现代风格餐桌椅租赁', '<p>现代风格餐桌椅租赁</p>', '<p>现代风格餐桌椅租赁</p>', NULL, NULL, NULL, 0, '七匹狼', '家具租赁');
INSERT INTO pms_product VALUES (6, 50, 8, 0, 0, '复古风格床租赁', '/Users/liangyepianzhou/Desktop/homework/mall/mall/document/resource/picture/furniture-collection-vector-interior-design-260nw-1056717971.webp', 'No86579', 1, 1, 1, 1, 1, 100, 0, 150.00, NULL, 0, 100, NULL, '222', '222', 170.00, 100, 20, '件', 1000.00, 0, NULL, '复古风格床租赁', '复古风格床租赁', NULL, '复古风格床租赁', '复古风格床租赁', '复古风格床租赁', '复古风格床租赁', NULL, NULL, NULL, 0, '七匹狼', '家具租赁');
INSERT INTO pms_product VALUES (7, 50, 8, 0, 0, '实木儿童床租赁', '/Users/liangyepianzhou/Desktop/homework/mall/mall/document/resource/picture/furniture-collection-vector-interior-design-260nw-1056717971.webp', 'No86580', 1, 1, 1, 1, 1, 1, 0, 200.00, NULL, 0, 100, NULL, '222', '222', 220.00, 100, 20, '件', 1000.00, 0, NULL, '实木儿童床租赁', '实木儿童床租赁', NULL, '实木儿童床租赁', '实木儿童床租赁', '<p>实木儿童床租赁</p>', '<p>实木儿童床租赁</p>', NULL, NULL, NULL, 0, '七匹狼', '家具租赁');
INSERT INTO pms_product VALUES (8, 50, 8, 0, 0, '实木儿童床租赁', '/Users/liangyepianzhou/Desktop/homework/mall/mall/document/resource/picture/furniture-collection-vector-interior-design-260nw-1056717971.webp', 'No86580', 1, 1, 1, 1, 1, 1, 0, 200.00, NULL, 0, 100, NULL, '222', '222', 220.00, 100, 20, '件', 1000.00, 0, NULL, '实木儿童床租赁', '实木儿童床租赁', NULL, '实木儿童床租赁', '实木儿童床租赁', '<p>实木儿童床租赁</p>', '<p>实木儿童床租赁</p>', NULL, NULL, NULL, 0, '七匹狼', '家具租赁');
INSERT INTO pms_product VALUES (9, 49, 7, 0, 0, '简约时尚沙发租赁', '/Users/liangyepianzhou/Desktop/homework/mall/mall/document/resource/picture/furniture-collection-vector-interior-design-260nw-1056717971.webp', 'No86577', 1, 1, 1, 1, 1, 100, 0, 100.00, NULL, 0, 100, NULL, '111', '111', 120.00, 100, 20, '件', 1000.00, 0, NULL, '简约时尚沙发租赁', '简约时尚沙发租赁', NULL, '简约时尚沙发租赁', '简约时尚沙发租赁', '简约时尚沙发租赁', '简约时尚沙发租赁', NULL, NULL, NULL, 0, '七匹狼', '家具租赁');
INSERT INTO pms_product VALUES (10, 49, 7, 0, 0, '现代风格餐桌椅租赁', '/Users/liangyepianzhou/Desktop/homework/mall/mall/document/resource/picture/furniture-collection-vector-interior-design-260nw-1056717971.webp', 'No86578', 1, 1, 1, 1, 1, 1, 0, 100.00, NULL, 0, 100, NULL, '111', '111', 120.00, 100, 20, '件', 1000.00, 0, NULL, '现代风格餐桌椅租赁', '现代风格餐桌椅租赁', NULL, '现代风格餐桌椅租赁', '现代风格餐桌椅租赁', '<p>现代风格餐桌椅租赁</p>', '<p>现代风格餐桌椅租赁</p>', NULL, NULL, NULL, 0, '七匹狼', '家具租赁');
INSERT INTO pms_product VALUES (11, 50, 8, 0, 0, '复古风格床租赁', '/Users/liangyepianzhou/Desktop/homework/mall/mall/document/resource/picture/furniture-collection-vector-interior-design-260nw-1056717971.webp', 'No86579', 1, 1, 1, 1, 1, 100, 0, 150.00, NULL, 0, 100, NULL, '222', '222', 170.00, 100, 20, '件', 1000.00, 0, NULL, '复古风格床租赁', '复古风格床租赁', NULL, '复古风格床租赁', '复古风格床租赁', '复古风格床租赁', '复古风格床租赁', NULL, NULL, NULL, 0, '七匹狼', '家具租赁');
INSERT INTO pms_product VALUES (12, 50, 8, 0, 0, '实木儿童床租赁', '/Users/liangyepianzhou/Desktop/homework/mall/mall/document/resource/picture/furniture-collection-vector-interior-design-260nw-1056717971.webp', 'No86580', 1, 1, 1, 1, 1, 1, 0, 200.00, NULL, 0, 100, NULL, '222', '222', 220.00, 100, 20, '件', 1000.00, 0, NULL, '实木儿童床租赁', '实木儿童床租赁', NULL, '实木儿童床租赁', '实木儿童床租赁', '<p>实木儿童床租赁</p>', '<p>实木儿童床租赁</p>', NULL, NULL, NULL, 0, '七匹狼', '家具租赁');
INSERT INTO pms_product VALUES (13, 49, 7, 0, 0, '简约时尚沙发租赁', '/Users/liangyepianzhou/Desktop/homework/mall/mall/document/resource/picture/furniture-collection-vector-interior-design-260nw-1056717971.webp', 'No86577', 1, 1, 1, 1, 1, 100, 0, 100.00, NULL, 0, 100, NULL, '111', '111', 120.00, 100, 20, '件', 1000.00, 0, NULL, '简约时尚沙发租赁', '简约时尚沙发租赁', NULL, '简约时尚沙发租赁', '简约时尚沙发租赁', '简约时尚沙发租赁', '简约时尚沙发租赁', NULL, NULL, NULL, 0, '七匹狼', '家具租赁');
INSERT INTO pms_product VALUES (14, 49, 7, 0, 0, '现代风格餐桌椅租赁', '/Users/liangyepianzhou/Desktop/homework/mall/mall/document/resource/picture/furniture-collection-vector-interior-design-260nw-1056717971.webp', 'No86578', 1, 1, 1, 1, 1, 1, 0, 100.00, NULL, 0, 100, NULL, '111', '111', 120.00, 100, 20, '件', 1000.00, 0, NULL, '现代风格餐桌椅租赁', '现代风格餐桌椅租赁', NULL, '现代风格餐桌椅租赁', '现代风格餐桌椅租赁', '<p>现代风格餐桌椅租赁</p>', '<p>现代风格餐桌椅租赁</p>', NULL, NULL, NULL, 0, '七匹狼', '家具租赁');
INSERT INTO pms_product VALUES (15, 50, 8, 0, 0, '复古风格床租赁', '/Users/liangyepianzhou/Desktop/homework/mall/mall/document/resource/picture/furniture-collection-vector-interior-design-260nw-1056717971.webp', 'No86579', 1, 1, 1, 1, 1, 100, 0, 150.00, NULL, 0, 100, NULL, '222', '222', 170.00, 100, 20, '件', 1000.00, 0, NULL, '复古风格床租赁', '复古风格床租赁', NULL, '复古风格床租赁', '复古风格床租赁', '复古风格床租赁', '复古风格床租赁', NULL, NULL, NULL, 0, '七匹狼', '家具租赁');
INSERT INTO pms_product VALUES (16, 50, 8, 0, 0, '实木儿童床租赁', '/Users/liangyepianzhou/Desktop/homework/mall/mall/document/resource/picture/furniture-collection-vector-interior-design-260nw-1056717971.webp', 'No86580', 1, 1, 1, 1, 1, 1, 0, 200.00, NULL, 0, 100, NULL, '222', '222', 220.00, 100, 20, '件', 1000.00, 0, NULL, '实木儿童床租赁', '实木儿童床租赁', NULL, '实木儿童床租赁', '实木儿童床租赁', '<p>实木儿童床租赁</p>', '<p>实木儿童床租赁</p>', NULL, NULL, NULL, 0, '七匹狼', '家具租赁');



-- ----------------------------
-- Table structure for pms_product_attribute
-- ----------------------------
DROP TABLE IF EXISTS `pms_product_attribute`;
CREATE TABLE `pms_product_attribute`  (
  `id` bigint(20) NOT NULL AUTO_INCREMENT,
  `product_attribute_category_id` bigint(20) NULL DEFAULT NULL,
  `name` varchar(64) CHARACTER SET utf8 COLLATE utf8_general_ci NULL DEFAULT NULL,
  `select_type` int(1) NULL DEFAULT NULL COMMENT '属性选择类型：0->唯一；1->单选；2->多选',
  `input_type` int(1) NULL DEFAULT NULL COMMENT '属性录入方式：0->手工录入；1->从列表中选取',
  `input_list` varchar(255) CHARACTER SET utf8 COLLATE utf8_general_ci NULL DEFAULT NULL COMMENT '可选值列表，以逗号隔开',
  `sort` int(11) NULL DEFAULT NULL COMMENT '排序字段：最高的可以单独上传图片',
  `filter_type` int(1) NULL DEFAULT NULL COMMENT '分类筛选样式：1->普通；1->颜色',
  `search_type` int(1) NULL DEFAULT NULL COMMENT '检索类型；0->不需要进行检索；1->关键字检索；2->范围检索',
  `related_status` int(1) NULL DEFAULT NULL COMMENT '相同属性产品是否关联；0->不关联；1->关联',
  `hand_add_status` int(1) NULL DEFAULT NULL COMMENT '是否支持手动新增；0->不支持；1->支持',
  `type` int(1) NULL DEFAULT NULL COMMENT '属性的类型；0->规格；1->参数',
  PRIMARY KEY (`id`) USING BTREE
) ENGINE = InnoDB AUTO_INCREMENT = 74 CHARACTER SET = utf8 COLLATE = utf8_general_ci COMMENT = '商品属性参数表' ROW_FORMAT = Dynamic;

-- ----------------------------
-- Records of pms_product_attribute
-- ----------------------------
INSERT INTO pms_product_attribute VALUES (33, 2, '家具材质', 1, 1, '实木,复合材料,金属,塑料', 0, 0, 0, 0, 0, 1);
INSERT INTO pms_product_attribute VALUES (34, 2, '家具风格', 1, 1, '现代简约,中式,北欧,美式', 0, 0, 0, 0, 0, 1);
INSERT INTO pms_product_attribute VALUES (35, 2, '租赁周期', 1, 1, '一个月,三个月,六个月,一年', 0, 0, 0, 0, 0, 1);
INSERT INTO pms_product_attribute VALUES (36, 2, '租赁价格', 1, 1, '200元/月,500元/月,1000元/月,1500元/月', 0, 0, 0, 0, 0, 1);
INSERT INTO pms_product_attribute VALUES (37, 2, '押金', 1, 1, '500元,1000元,1500元,2000元', 0, 0, 0, 0, 0, 1);
INSERT INTO pms_product_attribute VALUES (38, 2, '家具颜色', 2, 1, '黑色,红色,白色,棕色', 100, 0, 0, 0, 1, 0);
INSERT INTO pms_product_attribute VALUES (39, 2, '家具尺寸', 2, 1, 'S,M,L,XL', 0, 0, 0, 0, 0, 0);
INSERT INTO pms_product_attribute VALUES (40, 2, '适用场景', 1, 1, '家居,办公,商业', 0, 0, 0, 0, 0, 1);
INSERT INTO pms_product_attribute VALUES (41, 2, '维修政策', 1, 1, '免费维修,收费维修', 0, 0, 0, 0, 0, 1);
INSERT INTO pms_product_attribute VALUES (42, 2, '送货方式', 1, 1, '送货上门,自提', 0, 0, 0, 0, 0, 1);
INSERT INTO pms_product_attribute VALUES (43, 2, '运费承担', 1, 1, '卖家承担,买家承担', 0, 0, 0, 0, 0, 1);
INSERT INTO pms_product_attribute VALUES (44, 2, '加工定制', 1, 1, '是,否', 0, 0, 0, 0, 0, 1);
-- ----------------------------
-- Table structure for pms_product_attribute_category
-- ----------------------------
DROP TABLE IF EXISTS `pms_product_attribute_category`;
CREATE TABLE `pms_product_attribute_category`  (
  `id` bigint(20) NOT NULL AUTO_INCREMENT,
  `name` varchar(64) CHARACTER SET utf8 COLLATE utf8_general_ci NULL DEFAULT NULL,
  `attribute_count` int(11) NULL DEFAULT 0 COMMENT '属性数量',
  `param_count` int(11) NULL DEFAULT 0 COMMENT '参数数量',
  PRIMARY KEY (`id`) USING BTREE
) ENGINE = InnoDB AUTO_INCREMENT = 16 CHARACTER SET = utf8 COLLATE = utf8_general_ci COMMENT = '产品属性分类表' ROW_FORMAT = Dynamic;

-- ----------------------------
-- Records of pms_product_attribute_category
-- ----------------------------
INSERT INTO pms_product_attribute_category VALUES (16, '家具租赁-床', 2, 4);
INSERT INTO pms_product_attribute_category VALUES (17, '家具租赁-桌', 2, 4);
INSERT INTO pms_product_attribute_category VALUES (18, '家具租赁-椅', 2, 4);
INSERT INTO pms_product_attribute_category VALUES (19, '家具租赁-沙发', 2, 4);
INSERT INTO pms_product_attribute_category VALUES (20, '家具租赁-柜', 2, 4);
INSERT INTO pms_product_attribute_category VALUES (21, '家具租赁-餐桌', 2, 4);
INSERT INTO pms_product_attribute_category VALUES (22, '家具租赁-书架', 2, 4);
INSERT INTO pms_product_attribute_category VALUES (23, '家具租赁-办公家具', 2, 4);
INSERT INTO pms_product_attribute_category VALUES (24, '家具租赁-户外家具', 2, 4);
INSERT INTO pms_product_attribute_category VALUES (25, '家具租赁-儿童家具', 2, 4);
INSERT INTO pms_product_attribute_category VALUES (26, '家具租赁-定制家具', 2, 4);
INSERT INTO pms_product_attribute_category VALUES (27, '家具租赁-其他家具', 2, 4);
INSERT INTO pms_product_attribute_category VALUES (28, '家具租赁-家居饰品', 2, 4);
INSERT INTO pms_product_attribute_category VALUES (29, '家具租赁-家居布艺', 2, 4);
-- ----------------------------
-- Table structure for pms_product_attribute_value
-- ----------------------------
DROP TABLE IF EXISTS `pms_product_attribute_value`;
CREATE TABLE `pms_product_attribute_value`  (
  `id` bigint(20) NOT NULL AUTO_INCREMENT,
  `product_id` bigint(20) NULL DEFAULT NULL,
  `product_attribute_id` bigint(20) NULL DEFAULT NULL,
  `value` varchar(64) CHARACTER SET utf8 COLLATE utf8_general_ci NULL DEFAULT NULL COMMENT '手动添加规格或参数的值，参数单值，规格有多个时以逗号隔开',
  PRIMARY KEY (`id`) USING BTREE
) ENGINE = InnoDB AUTO_INCREMENT = 517 CHARACTER SET = utf8 COLLATE = utf8_general_ci COMMENT = '存储产品参数信息的表' ROW_FORMAT = Dynamic;

-- ----------------------------
-- Records of pms_product_attribute_value
-- ----------------------------
INSERT INTO pms_product_attribute_value VALUES (0, 9, 0, 'S');
INSERT INTO pms_product_attribute_value VALUES (1, 10, 0, 'M');
INSERT INTO pms_product_attribute_value VALUES (242, 30, 6, '木质,金属');
INSERT INTO pms_product_attribute_value VALUES (243, 30, 23, 'FNTB001');
INSERT INTO pms_product_attribute_value VALUES (244, 30, 24, '现代');

-- ----------------------------
-- Table structure for pms_product_category
-- ----------------------------
DROP TABLE IF EXISTS `pms_product_category`;
CREATE TABLE `pms_product_category`  (
  `id` bigint(20) NOT NULL AUTO_INCREMENT,
  `parent_id` bigint(20) NULL DEFAULT NULL COMMENT '上机分类的编号：0表示一级分类',
  `name` varchar(64) CHARACTER SET utf8 COLLATE utf8_general_ci NULL DEFAULT NULL,
  `level` int(1) NULL DEFAULT NULL COMMENT '分类级别：0->1级；1->2级',
  `product_count` int(11) NULL DEFAULT NULL,
  `product_unit` varchar(64) CHARACTER SET utf8 COLLATE utf8_general_ci NULL DEFAULT NULL,
  `nav_status` int(1) NULL DEFAULT NULL COMMENT '是否显示在导航栏：0->不显示；1->显示',
  `show_status` int(1) NULL DEFAULT NULL COMMENT '显示状态：0->不显示；1->显示',
  `sort` int(11) NULL DEFAULT NULL,
  `icon` varchar(255) CHARACTER SET utf8 COLLATE utf8_general_ci NULL DEFAULT NULL COMMENT '图标',
  `keywords` varchar(255) CHARACTER SET utf8 COLLATE utf8_general_ci NULL DEFAULT NULL,
  `description` text CHARACTER SET utf8 COLLATE utf8_general_ci NULL COMMENT '描述',
  PRIMARY KEY (`id`) USING BTREE
) ENGINE = InnoDB AUTO_INCREMENT = 56 CHARACTER SET = utf8 COLLATE = utf8_general_ci COMMENT = '产品分类' ROW_FORMAT = Dynamic;

-- ----------------------------
-- Records of pms_product_category
-- ----------------------------
INSERT INTO pms_product_category VALUES (1, 0, '客厅家具', 0, 100, '件', 1, 1, 1, NULL, '客厅家具', '客厅家具分类');
INSERT INTO pms_product_category VALUES (2, 0, '卧室家具', 0, 100, '件', 1, 1, 1, NULL, '卧室家具', '卧室家具分类');
INSERT INTO pms_product_category VALUES (3, 0, '餐厅家具', 0, 100, '件', 1, 1, 1, NULL, '餐厅家具', '餐厅家具分类');
INSERT INTO pms_product_category VALUES (4, 0, '书房家具', 0, 100, '件', 1, 1, 1, NULL, '书房家具', '书房家具分类');
INSERT INTO pms_product_category VALUES (5, 0, '户外家具', 0, 100, '件', 1, 1, 1, NULL, '户外家具', '户外家具分类');
-- ----------------------------
-- Table structure for pms_product_category_attribute_relation
-- ----------------------------
DROP TABLE IF EXISTS `pms_product_category_attribute_relation`;
CREATE TABLE `pms_product_category_attribute_relation`  (
  `id` bigint(20) NOT NULL AUTO_INCREMENT,
  `product_category_id` bigint(20) NULL DEFAULT NULL,
  `product_attribute_id` bigint(20) NULL DEFAULT NULL,
  PRIMARY KEY (`id`) USING BTREE
) ENGINE = InnoDB AUTO_INCREMENT = 11 CHARACTER SET = utf8 COLLATE = utf8_general_ci COMMENT = '产品的分类和属性的关系表，用于设置分类筛选条件（只支持一级分类）' ROW_FORMAT = Dynamic;

-- ----------------------------
-- Records of pms_product_category_attribute_relation
-- ----------------------------
INSERT INTO `pms_product_category_attribute_relation` VALUES (1, 24, 24);
INSERT INTO `pms_product_category_attribute_relation` VALUES (5, 26, 24);
INSERT INTO `pms_product_category_attribute_relation` VALUES (7, 28, 24);
INSERT INTO `pms_product_category_attribute_relation` VALUES (9, 25, 24);
INSERT INTO `pms_product_category_attribute_relation` VALUES (10, 25, 25);

-- ----------------------------
-- Table structure for pms_product_full_reduction
-- ----------------------------
DROP TABLE IF EXISTS `pms_product_full_reduction`;
CREATE TABLE `pms_product_full_reduction`  (
  `id` bigint(11) NOT NULL AUTO_INCREMENT,
  `product_id` bigint(20) NULL DEFAULT NULL,
  `full_price` decimal(10, 2) NULL DEFAULT NULL,
  `reduce_price` decimal(10, 2) NULL DEFAULT NULL,
  PRIMARY KEY (`id`) USING BTREE
) ENGINE = InnoDB AUTO_INCREMENT = 148 CHARACTER SET = utf8 COLLATE = utf8_general_ci COMMENT = '产品满减表(只针对同商品)' ROW_FORMAT = Dynamic;

-- ----------------------------
-- Records of pms_product_full_reduction
-- ----------------------------
INSERT INTO `pms_product_full_reduction` VALUES (1, 7, 100.00, 20.00);
INSERT INTO `pms_product_full_reduction` VALUES (2, 8, 100.00, 20.00);
INSERT INTO `pms_product_full_reduction` VALUES (3, 9, 100.00, 20.00);
INSERT INTO `pms_product_full_reduction` VALUES (4, 10, 100.00, 20.00);
INSERT INTO `pms_product_full_reduction` VALUES (5, 11, 100.00, 20.00);
INSERT INTO `pms_product_full_reduction` VALUES (6, 12, 100.00, 20.00);
INSERT INTO `pms_product_full_reduction` VALUES (7, 13, 100.00, 20.00);
INSERT INTO `pms_product_full_reduction` VALUES (8, 14, 100.00, 20.00);
INSERT INTO `pms_product_full_reduction` VALUES (9, 18, 100.00, 20.00);
INSERT INTO `pms_product_full_reduction` VALUES (10, 7, 200.00, 50.00);
INSERT INTO `pms_product_full_reduction` VALUES (11, 7, 300.00, 100.00);
INSERT INTO `pms_product_full_reduction` VALUES (14, 22, 0.00, 0.00);
INSERT INTO `pms_product_full_reduction` VALUES (16, 24, 0.00, 0.00);
INSERT INTO `pms_product_full_reduction` VALUES (34, 23, 0.00, 0.00);
INSERT INTO `pms_product_full_reduction` VALUES (78, 36, 0.00, 0.00);
INSERT INTO `pms_product_full_reduction` VALUES (79, 35, 0.00, 0.00);
INSERT INTO `pms_product_full_reduction` VALUES (83, 30, 0.00, 0.00);
INSERT INTO `pms_product_full_reduction` VALUES (84, 31, 0.00, 0.00);
INSERT INTO `pms_product_full_reduction` VALUES (85, 32, 0.00, 0.00);
INSERT INTO `pms_product_full_reduction` VALUES (87, 33, 0.00, 0.00);
INSERT INTO `pms_product_full_reduction` VALUES (88, 34, 0.00, 0.00);
INSERT INTO `pms_product_full_reduction` VALUES (93, 27, 0.00, 0.00);
INSERT INTO `pms_product_full_reduction` VALUES (96, 28, 500.00, 50.00);
INSERT INTO `pms_product_full_reduction` VALUES (97, 28, 1000.00, 120.00);
INSERT INTO `pms_product_full_reduction` VALUES (98, 29, 0.00, 0.00);
INSERT INTO `pms_product_full_reduction` VALUES (104, 37, 0.00, 0.00);
INSERT INTO `pms_product_full_reduction` VALUES (126, 38, 0.00, 0.00);
INSERT INTO `pms_product_full_reduction` VALUES (127, 39, 0.00, 0.00);
INSERT INTO `pms_product_full_reduction` VALUES (128, 41, 0.00, 0.00);
INSERT INTO `pms_product_full_reduction` VALUES (129, 42, 0.00, 0.00);
INSERT INTO `pms_product_full_reduction` VALUES (130, 43, 0.00, 0.00);
INSERT INTO `pms_product_full_reduction` VALUES (131, 44, 0.00, 0.00);
INSERT INTO `pms_product_full_reduction` VALUES (132, 45, 2000.00, 100.00);
INSERT INTO `pms_product_full_reduction` VALUES (133, 40, 2000.00, 200.00);
INSERT INTO `pms_product_full_reduction` VALUES (146, 26, 3000.00, 300.00);
INSERT INTO `pms_product_full_reduction` VALUES (147, 26, 5000.00, 500.00);

-- ----------------------------
-- Table structure for pms_product_ladder
-- ----------------------------
DROP TABLE IF EXISTS `pms_product_ladder`;
CREATE TABLE `pms_product_ladder`  (
  `id` bigint(20) NOT NULL AUTO_INCREMENT,
  `product_id` bigint(20) NULL DEFAULT NULL,
  `count` int(11) NULL DEFAULT NULL COMMENT '满足的商品数量',
  `discount` decimal(10, 2) NULL DEFAULT NULL COMMENT '折扣',
  `price` decimal(10, 2) NULL DEFAULT NULL COMMENT '折后价格',
  PRIMARY KEY (`id`) USING BTREE
) ENGINE = InnoDB AUTO_INCREMENT = 148 CHARACTER SET = utf8 COLLATE = utf8_general_ci COMMENT = '产品阶梯价格表(只针对同商品)' ROW_FORMAT = Dynamic;

-- ----------------------------
-- Records of pms_product_ladder
-- ----------------------------
INSERT INTO `pms_product_ladder` VALUES (1, 7, 3, 0.70, 0.00);
INSERT INTO `pms_product_ladder` VALUES (2, 8, 3, 0.70, 0.00);
INSERT INTO `pms_product_ladder` VALUES (3, 9, 3, 0.70, 0.00);
INSERT INTO `pms_product_ladder` VALUES (4, 10, 3, 0.70, 0.00);
INSERT INTO `pms_product_ladder` VALUES (5, 11, 3, 0.70, 0.00);
INSERT INTO `pms_product_ladder` VALUES (6, 12, 3, 0.70, 0.00);
INSERT INTO `pms_product_ladder` VALUES (7, 13, 3, 0.70, 0.00);
INSERT INTO `pms_product_ladder` VALUES (8, 14, 3, 0.70, 0.00);
INSERT INTO `pms_product_ladder` VALUES (12, 18, 3, 0.70, 0.00);
INSERT INTO `pms_product_ladder` VALUES (14, 7, 4, 0.60, 0.00);
INSERT INTO `pms_product_ladder` VALUES (15, 7, 5, 0.50, 0.00);
INSERT INTO `pms_product_ladder` VALUES (18, 22, 0, 0.00, 0.00);
INSERT INTO `pms_product_ladder` VALUES (20, 24, 0, 0.00, 0.00);
INSERT INTO `pms_product_ladder` VALUES (38, 23, 0, 0.00, 0.00);
INSERT INTO `pms_product_ladder` VALUES (83, 36, 0, 0.00, 0.00);
INSERT INTO `pms_product_ladder` VALUES (84, 35, 0, 0.00, 0.00);
INSERT INTO `pms_product_ladder` VALUES (88, 30, 0, 0.00, 0.00);
INSERT INTO `pms_product_ladder` VALUES (89, 31, 0, 0.00, 0.00);
INSERT INTO `pms_product_ladder` VALUES (90, 32, 0, 0.00, 0.00);
INSERT INTO `pms_product_ladder` VALUES (92, 33, 0, 0.00, 0.00);
INSERT INTO `pms_product_ladder` VALUES (93, 34, 0, 0.00, 0.00);
INSERT INTO `pms_product_ladder` VALUES (99, 27, 2, 0.80, 0.00);
INSERT INTO `pms_product_ladder` VALUES (100, 27, 3, 0.75, 0.00);
INSERT INTO `pms_product_ladder` VALUES (103, 28, 0, 0.00, 0.00);
INSERT INTO `pms_product_ladder` VALUES (104, 29, 0, 0.00, 0.00);
INSERT INTO `pms_product_ladder` VALUES (110, 37, 0, 0.00, 0.00);
INSERT INTO `pms_product_ladder` VALUES (133, 38, 0, 0.00, 0.00);
INSERT INTO `pms_product_ladder` VALUES (134, 39, 0, 0.00, 0.00);
INSERT INTO `pms_product_ladder` VALUES (135, 41, 0, 0.00, 0.00);
INSERT INTO `pms_product_ladder` VALUES (136, 42, 0, 0.00, 0.00);
INSERT INTO `pms_product_ladder` VALUES (137, 43, 0, 0.00, 0.00);
INSERT INTO `pms_product_ladder` VALUES (138, 44, 0, 0.00, 0.00);
INSERT INTO `pms_product_ladder` VALUES (139, 45, 1, 0.70, 0.00);
INSERT INTO `pms_product_ladder` VALUES (140, 40, 0, 0.00, 0.00);
INSERT INTO `pms_product_ladder` VALUES (147, 26, 0, 0.00, 0.00);

-- ----------------------------
-- Table structure for pms_product_operate_log
-- ----------------------------
DROP TABLE IF EXISTS `pms_product_operate_log`;
CREATE TABLE `pms_product_operate_log`  (
  `id` bigint(20) NOT NULL AUTO_INCREMENT,
  `product_id` bigint(20) NULL DEFAULT NULL,
  `price_old` decimal(10, 2) NULL DEFAULT NULL,
  `price_new` decimal(10, 2) NULL DEFAULT NULL,
  `sale_price_old` decimal(10, 2) NULL DEFAULT NULL,
  `sale_price_new` decimal(10, 2) NULL DEFAULT NULL,
  `gift_point_old` int(11) NULL DEFAULT NULL COMMENT '赠送的积分',
  `gift_point_new` int(11) NULL DEFAULT NULL,
  `use_point_limit_old` int(11) NULL DEFAULT NULL,
  `use_point_limit_new` int(11) NULL DEFAULT NULL,
  `operate_man` varchar(64) CHARACTER SET utf8 COLLATE utf8_general_ci NULL DEFAULT NULL COMMENT '操作人',
  `create_time` datetime NULL DEFAULT NULL,
  PRIMARY KEY (`id`) USING BTREE
) ENGINE = InnoDB AUTO_INCREMENT = 1 CHARACTER SET = utf8 COLLATE = utf8_general_ci ROW_FORMAT = Dynamic;

-- ----------------------------
-- Records of pms_product_operate_log
-- ----------------------------

-- ----------------------------
-- Table structure for pms_product_vertify_record
-- ----------------------------
DROP TABLE IF EXISTS `pms_product_vertify_record`;
CREATE TABLE `pms_product_vertify_record`  (
  `id` bigint(20) NOT NULL AUTO_INCREMENT,
  `product_id` bigint(20) NULL DEFAULT NULL,
  `create_time` datetime NULL DEFAULT NULL,
  `vertify_man` varchar(64) CHARACTER SET utf8 COLLATE utf8_general_ci NULL DEFAULT NULL COMMENT '审核人',
  `status` int(1) NULL DEFAULT NULL,
  `detail` varchar(255) CHARACTER SET utf8 COLLATE utf8_general_ci NULL DEFAULT NULL COMMENT '反馈详情',
  PRIMARY KEY (`id`) USING BTREE
) ENGINE = InnoDB AUTO_INCREMENT = 3 CHARACTER SET = utf8 COLLATE = utf8_general_ci COMMENT = '商品审核记录' ROW_FORMAT = Dynamic;

-- ----------------------------
-- Records of pms_product_vertify_record
-- ----------------------------
INSERT INTO `pms_product_vertify_record` VALUES (1, 1, '2018-04-27 16:36:41', 'test', 1, '验证通过');
INSERT INTO `pms_product_vertify_record` VALUES (2, 2, '2018-04-27 16:36:41', 'test', 1, '验证通过');

-- ----------------------------
-- Table structure for pms_sku_stock
-- ----------------------------
DROP TABLE IF EXISTS `pms_sku_stock`;
CREATE TABLE `pms_sku_stock`  (
  `id` bigint(20) NOT NULL AUTO_INCREMENT,
  `product_id` bigint(20) NULL DEFAULT NULL,
  `sku_code` varchar(64) CHARACTER SET utf8 COLLATE utf8_general_ci NOT NULL COMMENT 'sku编码',
  `price` decimal(10, 2) NULL DEFAULT NULL,
  `stock` int(11) NULL DEFAULT 0 COMMENT '库存',
  `low_stock` int(11) NULL DEFAULT NULL COMMENT '预警库存',
  `pic` varchar(255) CHARACTER SET utf8 COLLATE utf8_general_ci NULL DEFAULT NULL COMMENT '展示图片',
  `sale` int(11) NULL DEFAULT NULL COMMENT '销量',
  `promotion_price` decimal(10, 2) NULL DEFAULT NULL COMMENT '单品促销价格',
  `lock_stock` int(11) NULL DEFAULT 0 COMMENT '锁定库存',
  `sp_data` varchar(500) CHARACTER SET utf8 COLLATE utf8_general_ci NULL DEFAULT NULL COMMENT '商品销售属性，json格式',
  PRIMARY KEY (`id`) USING BTREE
) ENGINE = InnoDB AUTO_INCREMENT = 243 CHARACTER SET = utf8 COLLATE = utf8_general_ci COMMENT = 'sku的库存' ROW_FORMAT = Dynamic;

-- ----------------------------
-- Records of pms_sku_stock
-- ----------------------------
INSERT INTO pms_sku_stock VALUES (198, 34, '202004190034002', 3999.00, 500, 10, NULL, NULL, NULL, 0, '[{"key":"尺寸","value":"大号沙发"},{"key":"材质","value":"实木"}]');
INSERT INTO pms_sku_stock VALUES (199, 34, '202004190034003', 3999.00, 500, 10, NULL, NULL, NULL, 0, '[{"key":"尺寸","value":"中号沙发"},{"key":"材质","value":"实木"}]');
INSERT INTO pms_sku_stock VALUES (200, 34, '202004190034004', 3999.00, 500, 10, NULL, NULL, NULL, 0, '[{"key":"尺寸","value":"小号沙发"},{"key":"材质","value":"实木"}]');
-- ----------------------------
-- Table structure for sms_coupon
-- ----------------------------
DROP TABLE IF EXISTS `sms_coupon`;
CREATE TABLE `sms_coupon`  (
  `id` bigint(20) NOT NULL AUTO_INCREMENT,
  `type` int(1) NULL DEFAULT NULL COMMENT '优惠券类型；0->全场赠券；1->会员赠券；2->购物赠券；3->注册赠券',
  `name` varchar(100) CHARACTER SET utf8 COLLATE utf8_general_ci NULL DEFAULT NULL,
  `platform` int(1) NULL DEFAULT NULL COMMENT '使用平台：0->全部；1->移动；2->PC',
  `count` int(11) NULL DEFAULT NULL COMMENT '数量',
  `amount` decimal(10, 2) NULL DEFAULT NULL COMMENT '金额',
  `per_limit` int(11) NULL DEFAULT NULL COMMENT '每人限领张数',
  `min_point` decimal(10, 2) NULL DEFAULT NULL COMMENT '使用门槛；0表示无门槛',
  `start_time` datetime NULL DEFAULT NULL,
  `end_time` datetime NULL DEFAULT NULL,
  `use_type` int(1) NULL DEFAULT NULL COMMENT '使用类型：0->全场通用；1->指定分类；2->指定商品',
  `note` varchar(200) CHARACTER SET utf8 COLLATE utf8_general_ci NULL DEFAULT NULL COMMENT '备注',
  `publish_count` int(11) NULL DEFAULT NULL COMMENT '发行数量',
  `use_count` int(11) NULL DEFAULT NULL COMMENT '已使用数量',
  `receive_count` int(11) NULL DEFAULT NULL COMMENT '领取数量',
  `enable_time` datetime NULL DEFAULT NULL COMMENT '可以领取的日期',
  `code` varchar(64) CHARACTER SET utf8 COLLATE utf8_general_ci NULL DEFAULT NULL COMMENT '优惠码',
  `member_level` int(1) NULL DEFAULT NULL COMMENT '可领取的会员类型：0->无限时',
  PRIMARY KEY (`id`) USING BTREE
) ENGINE = InnoDB AUTO_INCREMENT = 32 CHARACTER SET = utf8 COLLATE = utf8_general_ci COMMENT = '优惠券表' ROW_FORMAT = Dynamic;

-- ----------------------------
-- Records of sms_coupon
-- ----------------------------
INSERT INTO `sms_coupon` VALUES (27, 0, '全品类通用券', 0, 97, 10.00, 10, 100.00, '2022-11-08 00:00:00', '2023-11-30 00:00:00', 0, NULL, 100, 0, 3, '2022-11-08 00:00:00', NULL, NULL);
INSERT INTO `sms_coupon` VALUES (31, 0, '限时优惠券', 0, 999, 20.00, 5, 500.00, '2022-12-01 00:00:00', '2022-12-22 00:00:00', 0, NULL, 1000, 0, 1, '2022-12-23 00:00:00', NULL, NULL);

-- ----------------------------
-- Table structure for sms_coupon_history
-- ----------------------------
DROP TABLE IF EXISTS `sms_coupon_history`;
CREATE TABLE `sms_coupon_history`  (
  `id` bigint(20) NOT NULL AUTO_INCREMENT,
  `coupon_id` bigint(20) NULL DEFAULT NULL,
  `member_id` bigint(20) NULL DEFAULT NULL,
  `coupon_code` varchar(64) CHARACTER SET utf8 COLLATE utf8_general_ci NULL DEFAULT NULL,
  `member_nickname` varchar(64) CHARACTER SET utf8 COLLATE utf8_general_ci NULL DEFAULT NULL COMMENT '领取人昵称',
  `get_type` int(1) NULL DEFAULT NULL COMMENT '获取类型：0->后台赠送；1->主动获取',
  `create_time` datetime NULL DEFAULT NULL,
  `use_status` int(1) NULL DEFAULT NULL COMMENT '使用状态：0->未使用；1->已使用；2->已过期',
  `use_time` datetime NULL DEFAULT NULL COMMENT '使用时间',
  `order_id` bigint(20) NULL DEFAULT NULL COMMENT '订单编号',
  `order_sn` varchar(100) CHARACTER SET utf8 COLLATE utf8_general_ci NULL DEFAULT NULL COMMENT '订单号码',
  PRIMARY KEY (`id`) USING BTREE,
  INDEX `idx_member_id`(`member_id`) USING BTREE,
  INDEX `idx_coupon_id`(`coupon_id`) USING BTREE
) ENGINE = InnoDB AUTO_INCREMENT = 46 CHARACTER SET = utf8 COLLATE = utf8_general_ci COMMENT = '优惠券使用、领取历史表' ROW_FORMAT = Dynamic;

-- ----------------------------
-- Records of sms_coupon_history
-- ----------------------------
INSERT INTO `sms_coupon_history` VALUES (37, 30, 1, '7806895974110001', 'windir', 1, '2022-11-09 15:14:29', 1, '2022-11-09 15:14:58', NULL, NULL);
INSERT INTO `sms_coupon_history` VALUES (38, 27, 1, '7872472849240001', 'windir', 1, '2022-11-09 15:25:25', 1, '2022-11-09 15:25:38', NULL, NULL);
INSERT INTO `sms_coupon_history` VALUES (39, 29, 1, '7876204111480001', 'windir', 1, '2022-11-09 15:26:02', 1, '2022-11-09 15:26:11', NULL, NULL);
INSERT INTO `sms_coupon_history` VALUES (40, 27, 1, '7911945030190001', 'windir', 1, '2022-11-09 15:31:59', 0, NULL, NULL, NULL);
INSERT INTO `sms_coupon_history` VALUES (41, 28, 1, '8194868687790001', 'windir', 1, '2022-11-09 16:19:09', 1, '2022-11-11 16:12:42', NULL, NULL);
INSERT INTO `sms_coupon_history` VALUES (42, 28, 1, '1239565720390001', 'test', 1, '2022-12-21 16:46:36', 1, '2022-12-21 16:53:07', NULL, NULL);
INSERT INTO `sms_coupon_history` VALUES (43, 31, 1, '6030247208280001', 'test', 1, '2022-12-23 09:51:42', 0, NULL, NULL, NULL);
INSERT INTO `sms_coupon_history` VALUES (44, 28, 1, '6050939443480001', 'test', 1, '2022-12-23 09:55:09', 0, NULL, NULL, NULL);
INSERT INTO `sms_coupon_history` VALUES (45, 27, 1, '4182437014580001', 'test', 1, '2023-01-10 17:10:24', 0, NULL, NULL, NULL);

-- ----------------------------
-- Table structure for sms_coupon_product_category_relation
-- ----------------------------
DROP TABLE IF EXISTS `sms_coupon_product_category_relation`;
CREATE TABLE `sms_coupon_product_category_relation`  (
  `id` bigint(20) NOT NULL AUTO_INCREMENT,
  `coupon_id` bigint(20) NULL DEFAULT NULL,
  `product_category_id` bigint(20) NULL DEFAULT NULL,
  `product_category_name` varchar(200) CHARACTER SET utf8 COLLATE utf8_general_ci NULL DEFAULT NULL COMMENT '产品分类名称',
  `parent_category_name` varchar(200) CHARACTER SET utf8 COLLATE utf8_general_ci NULL DEFAULT NULL COMMENT '父分类名称',
  PRIMARY KEY (`id`) USING BTREE
) ENGINE = InnoDB AUTO_INCREMENT = 12 CHARACTER SET = utf8 COLLATE = utf8_general_ci COMMENT = '优惠券和产品分类关系表' ROW_FORMAT = Dynamic;

-- ----------------------------
-- Records of sms_coupon_product_category_relation
-- ----------------------------
INSERT INTO sms_coupon_product_category_relation VALUES (11, 28, 19, '家具类别', '家具家装');
-- ----------------------------
-- Table structure for sms_coupon_product_relation
-- ----------------------------
DROP TABLE IF EXISTS `sms_coupon_product_relation`;
CREATE TABLE `sms_coupon_product_relation`  (
  `id` bigint(20) NOT NULL AUTO_INCREMENT,
  `coupon_id` bigint(20) NULL DEFAULT NULL,
  `product_id` bigint(20) NULL DEFAULT NULL,
  `product_name` varchar(500) CHARACTER SET utf8 COLLATE utf8_general_ci NULL DEFAULT NULL COMMENT '商品名称',
  `product_sn` varchar(200) CHARACTER SET utf8 COLLATE utf8_general_ci NULL DEFAULT NULL COMMENT '商品编码',
  PRIMARY KEY (`id`) USING BTREE
) ENGINE = InnoDB AUTO_INCREMENT = 23 CHARACTER SET = utf8 COLLATE = utf8_general_ci COMMENT = '优惠券和产品的关系表' ROW_FORMAT = Dynamic;

-- ----------------------------
-- Records of sms_coupon_product_relation
-- ----------------------------
INSERT INTO sms_coupon_product_relation VALUES (18, 29, 37, '家具产品1', '100038005189');
INSERT INTO sms_coupon_product_relation VALUES (19, 29, 29, '家具产品2', '7437799');
INSERT INTO sms_coupon_product_relation VALUES (21, 30, 41, '家具产品3', '100035246702');
INSERT INTO sms_coupon_product_relation VALUES (22, 30, 40, '家具产品4', '100027789721');
-- ----------------------------
-- Table structure for sms_flash_promotion
-- ----------------------------
DROP TABLE IF EXISTS `sms_flash_promotion`;
CREATE TABLE `sms_flash_promotion`  (
  `id` bigint(20) NOT NULL AUTO_INCREMENT,
  `title` varchar(200) CHARACTER SET utf8 COLLATE utf8_general_ci NULL DEFAULT NULL COMMENT '秒杀时间段名称',
  `start_date` date NULL DEFAULT NULL COMMENT '开始日期',
  `end_date` date NULL DEFAULT NULL COMMENT '结束日期',
  `status` int(1) NULL DEFAULT NULL COMMENT '上下线状态',
  `create_time` datetime NULL DEFAULT NULL COMMENT '创建时间',
  PRIMARY KEY (`id`) USING BTREE
) ENGINE = InnoDB AUTO_INCREMENT = 15 CHARACTER SET = utf8 COLLATE = utf8_general_ci COMMENT = '限时购表' ROW_FORMAT = Dynamic;

-- ----------------------------
-- Records of sms_flash_promotion
-- ----------------------------
INSERT INTO `sms_flash_promotion` VALUES (14, '双11特卖活动', '2022-11-09', '2023-06-30', 1, '2022-11-09 14:56:48');

-- ----------------------------
-- Table structure for sms_flash_promotion_log
-- ----------------------------
DROP TABLE IF EXISTS `sms_flash_promotion_log`;
CREATE TABLE `sms_flash_promotion_log`  (
  `id` int(11) NOT NULL AUTO_INCREMENT,
  `member_id` int(11) NULL DEFAULT NULL,
  `product_id` bigint(20) NULL DEFAULT NULL,
  `member_phone` varchar(64) CHARACTER SET utf8 COLLATE utf8_general_ci NULL DEFAULT NULL,
  `product_name` varchar(100) CHARACTER SET utf8 COLLATE utf8_general_ci NULL DEFAULT NULL,
  `subscribe_time` datetime NULL DEFAULT NULL COMMENT '会员订阅时间',
  `send_time` datetime NULL DEFAULT NULL,
  PRIMARY KEY (`id`) USING BTREE
) ENGINE = InnoDB AUTO_INCREMENT = 1 CHARACTER SET = utf8 COLLATE = utf8_general_ci COMMENT = '限时购通知记录' ROW_FORMAT = Dynamic;

-- ----------------------------
-- Records of sms_flash_promotion_log
-- ----------------------------

-- ----------------------------
-- Table structure for sms_flash_promotion_product_relation
-- ----------------------------
DROP TABLE IF EXISTS `sms_flash_promotion_product_relation`;
CREATE TABLE `sms_flash_promotion_product_relation`  (
  `id` bigint(20) NOT NULL AUTO_INCREMENT COMMENT '编号',
  `flash_promotion_id` bigint(20) NULL DEFAULT NULL,
  `flash_promotion_session_id` bigint(20) NULL DEFAULT NULL COMMENT '编号',
  `product_id` bigint(20) NULL DEFAULT NULL,
  `flash_promotion_price` decimal(10, 2) NULL DEFAULT NULL COMMENT '限时购价格',
  `flash_promotion_count` int(11) NULL DEFAULT NULL COMMENT '限时购数量',
  `flash_promotion_limit` int(11) NULL DEFAULT NULL COMMENT '每人限购数量',
  `sort` int(11) NULL DEFAULT NULL COMMENT '排序',
  PRIMARY KEY (`id`) USING BTREE
) ENGINE = InnoDB AUTO_INCREMENT = 52 CHARACTER SET = utf8 COLLATE = utf8_general_ci COMMENT = '商品限时购与商品关系表' ROW_FORMAT = Dynamic;

-- ----------------------------
-- Records of sms_flash_promotion_product_relation
-- ----------------------------
INSERT INTO `sms_flash_promotion_product_relation` VALUES (1, 2, 1, 26, 3000.00, 10, 1, 0);
INSERT INTO `sms_flash_promotion_product_relation` VALUES (2, 2, 1, 27, 2000.00, 10, 1, 20);
INSERT INTO `sms_flash_promotion_product_relation` VALUES (3, 2, 1, 28, 599.00, 19, 1, 0);
INSERT INTO `sms_flash_promotion_product_relation` VALUES (4, 2, 1, 29, 4999.00, 10, 1, 100);
INSERT INTO `sms_flash_promotion_product_relation` VALUES (9, 2, 2, 26, 2999.00, 100, 1, 0);
INSERT INTO `sms_flash_promotion_product_relation` VALUES (10, 2, 2, 27, NULL, NULL, NULL, NULL);
INSERT INTO `sms_flash_promotion_product_relation` VALUES (11, 2, 2, 28, NULL, NULL, NULL, NULL);
INSERT INTO `sms_flash_promotion_product_relation` VALUES (12, 2, 2, 29, NULL, NULL, NULL, NULL);
INSERT INTO `sms_flash_promotion_product_relation` VALUES (13, 2, 2, 30, NULL, NULL, NULL, NULL);
INSERT INTO `sms_flash_promotion_product_relation` VALUES (14, 2, 3, 31, NULL, NULL, NULL, NULL);
INSERT INTO `sms_flash_promotion_product_relation` VALUES (15, 2, 3, 32, NULL, NULL, NULL, NULL);
INSERT INTO `sms_flash_promotion_product_relation` VALUES (16, 2, 4, 33, NULL, NULL, NULL, NULL);
INSERT INTO `sms_flash_promotion_product_relation` VALUES (17, 2, 4, 34, NULL, NULL, NULL, NULL);
INSERT INTO `sms_flash_promotion_product_relation` VALUES (18, 2, 5, 36, NULL, NULL, NULL, NULL);
INSERT INTO `sms_flash_promotion_product_relation` VALUES (19, 2, 6, 33, NULL, NULL, NULL, NULL);
INSERT INTO `sms_flash_promotion_product_relation` VALUES (20, 2, 6, 34, NULL, NULL, NULL, NULL);
INSERT INTO `sms_flash_promotion_product_relation` VALUES (21, 14, 1, 26, NULL, NULL, NULL, NULL);
INSERT INTO `sms_flash_promotion_product_relation` VALUES (22, 14, 1, 27, NULL, NULL, NULL, NULL);
INSERT INTO `sms_flash_promotion_product_relation` VALUES (23, 14, 1, 28, NULL, NULL, NULL, NULL);
INSERT INTO `sms_flash_promotion_product_relation` VALUES (24, 14, 1, 29, NULL, NULL, NULL, NULL);
INSERT INTO `sms_flash_promotion_product_relation` VALUES (25, 14, 2, 30, NULL, NULL, NULL, NULL);
INSERT INTO `sms_flash_promotion_product_relation` VALUES (26, 14, 2, 31, NULL, NULL, NULL, NULL);
INSERT INTO `sms_flash_promotion_product_relation` VALUES (27, 14, 2, 32, NULL, NULL, NULL, NULL);
INSERT INTO `sms_flash_promotion_product_relation` VALUES (28, 14, 2, 35, NULL, NULL, NULL, NULL);
INSERT INTO `sms_flash_promotion_product_relation` VALUES (29, 14, 3, 33, NULL, NULL, NULL, NULL);
INSERT INTO `sms_flash_promotion_product_relation` VALUES (30, 14, 3, 34, NULL, NULL, NULL, NULL);
INSERT INTO `sms_flash_promotion_product_relation` VALUES (31, 14, 3, 36, NULL, NULL, NULL, NULL);
INSERT INTO `sms_flash_promotion_product_relation` VALUES (32, 14, 3, 37, NULL, NULL, NULL, NULL);
INSERT INTO `sms_flash_promotion_product_relation` VALUES (33, 14, 4, 37, 5699.00, 10, 1, NULL);
INSERT INTO `sms_flash_promotion_product_relation` VALUES (34, 14, 4, 38, NULL, NULL, NULL, NULL);
INSERT INTO `sms_flash_promotion_product_relation` VALUES (35, 14, 4, 39, NULL, NULL, NULL, NULL);
INSERT INTO `sms_flash_promotion_product_relation` VALUES (36, 14, 4, 40, NULL, NULL, NULL, NULL);
INSERT INTO `sms_flash_promotion_product_relation` VALUES (37, 14, 5, 41, NULL, NULL, NULL, NULL);
INSERT INTO `sms_flash_promotion_product_relation` VALUES (38, 14, 5, 42, NULL, NULL, NULL, NULL);
INSERT INTO `sms_flash_promotion_product_relation` VALUES (39, 14, 5, 43, NULL, NULL, NULL, NULL);
INSERT INTO `sms_flash_promotion_product_relation` VALUES (40, 14, 5, 44, NULL, NULL, NULL, NULL);
INSERT INTO `sms_flash_promotion_product_relation` VALUES (41, 14, 5, 45, NULL, NULL, NULL, NULL);
INSERT INTO `sms_flash_promotion_product_relation` VALUES (42, 14, 6, 26, NULL, NULL, NULL, NULL);
INSERT INTO `sms_flash_promotion_product_relation` VALUES (43, 14, 6, 27, NULL, NULL, NULL, NULL);
INSERT INTO `sms_flash_promotion_product_relation` VALUES (44, 14, 6, 28, NULL, NULL, NULL, NULL);
INSERT INTO `sms_flash_promotion_product_relation` VALUES (45, 14, 6, 29, NULL, NULL, NULL, NULL);
INSERT INTO `sms_flash_promotion_product_relation` VALUES (46, 14, 6, 30, NULL, NULL, NULL, NULL);
INSERT INTO `sms_flash_promotion_product_relation` VALUES (47, 14, 7, 31, NULL, NULL, NULL, NULL);
INSERT INTO `sms_flash_promotion_product_relation` VALUES (48, 14, 7, 32, NULL, NULL, NULL, NULL);
INSERT INTO `sms_flash_promotion_product_relation` VALUES (49, 14, 7, 33, NULL, NULL, NULL, NULL);
INSERT INTO `sms_flash_promotion_product_relation` VALUES (50, 14, 7, 34, NULL, NULL, NULL, NULL);
INSERT INTO `sms_flash_promotion_product_relation` VALUES (51, 14, 7, 35, NULL, NULL, NULL, NULL);

-- ----------------------------
-- Table structure for sms_flash_promotion_session
-- ----------------------------
DROP TABLE IF EXISTS `sms_flash_promotion_session`;
CREATE TABLE `sms_flash_promotion_session`  (
  `id` bigint(20) NOT NULL AUTO_INCREMENT COMMENT '编号',
  `name` varchar(200) CHARACTER SET utf8 COLLATE utf8_general_ci NULL DEFAULT NULL COMMENT '场次名称',
  `start_time` time NULL DEFAULT NULL COMMENT '每日开始时间',
  `end_time` time NULL DEFAULT NULL COMMENT '每日结束时间',
  `status` int(1) NULL DEFAULT NULL COMMENT '启用状态：0->不启用；1->启用',
  `create_time` datetime NULL DEFAULT NULL COMMENT '创建时间',
  PRIMARY KEY (`id`) USING BTREE
) ENGINE = InnoDB AUTO_INCREMENT = 8 CHARACTER SET = utf8 COLLATE = utf8_general_ci COMMENT = '限时购场次表' ROW_FORMAT = Dynamic;

-- ----------------------------
-- Records of sms_flash_promotion_session
-- ----------------------------
INSERT INTO `sms_flash_promotion_session` VALUES (1, '8:00', '08:00:00', '10:00:00', 1, '2018-11-16 13:22:17');
INSERT INTO `sms_flash_promotion_session` VALUES (2, '10:00', '10:00:00', '12:00:00', 1, '2018-11-16 13:22:34');
INSERT INTO `sms_flash_promotion_session` VALUES (3, '12:00', '12:00:00', '14:00:00', 1, '2018-11-16 13:22:37');
INSERT INTO `sms_flash_promotion_session` VALUES (4, '14:00', '14:00:00', '16:00:00', 1, '2018-11-16 13:22:41');
INSERT INTO `sms_flash_promotion_session` VALUES (5, '16:00', '16:00:00', '18:00:00', 1, '2018-11-16 13:22:45');
INSERT INTO `sms_flash_promotion_session` VALUES (6, '18:00', '18:00:00', '20:00:00', 1, '2018-11-16 13:21:34');
INSERT INTO `sms_flash_promotion_session` VALUES (7, '20:00', '20:00:00', '22:00:00', 1, '2018-11-16 13:22:55');

-- ----------------------------
-- Table structure for sms_home_advertise
-- ----------------------------
DROP TABLE IF EXISTS `sms_home_advertise`;
CREATE TABLE `sms_home_advertise`  (
  `id` bigint(20) NOT NULL AUTO_INCREMENT,
  `name` varchar(100) CHARACTER SET utf8 COLLATE utf8_general_ci NULL DEFAULT NULL,
  `type` int(1) NULL DEFAULT NULL COMMENT '轮播位置：0->PC首页轮播；1->app首页轮播',
  `pic` varchar(500) CHARACTER SET utf8 COLLATE utf8_general_ci NULL DEFAULT NULL,
  `start_time` datetime NULL DEFAULT NULL,
  `end_time` datetime NULL DEFAULT NULL,
  `status` int(1) NULL DEFAULT NULL COMMENT '上下线状态：0->下线；1->上线',
  `click_count` int(11) NULL DEFAULT NULL COMMENT '点击数',
  `order_count` int(11) NULL DEFAULT NULL COMMENT '下单数',
  `url` varchar(500) CHARACTER SET utf8 COLLATE utf8_general_ci NULL DEFAULT NULL COMMENT '链接地址',
  `note` varchar(500) CHARACTER SET utf8 COLLATE utf8_general_ci NULL DEFAULT NULL COMMENT '备注',
  `sort` int(11) NULL DEFAULT 0 COMMENT '排序',
  PRIMARY KEY (`id`) USING BTREE
) ENGINE = InnoDB AUTO_INCREMENT = 17 CHARACTER SET = utf8 COLLATE = utf8_general_ci COMMENT = '首页轮播广告表' ROW_FORMAT = Dynamic;

-- ----------------------------
-- Records of sms_home_advertise
-- ----------------------------
INSERT INTO `sms_home_advertise` VALUES (2, '家具大热促销', 1, '/Users/liangyepianzhou/Desktop/homework/mall/mall/document/resource/picture/furniture-collection-vector-interior-design-260nw-1056717971.webp', '2018-11-01 14:01:37', '2018-11-15 14:01:37', 0, 0, 0, NULL, '夏季大热促销', 0);
INSERT INTO `sms_home_advertise` VALUES (12, '家具大热促销', 1, '/Users/liangyepianzhou/Desktop/homework/mall/mall/document/resource/picture/furniture-collection-vector-interior-design-260nw-1056717971.webp', '2022-11-08 17:04:03', '2023-11-08 17:04:05', 1, 0, 0, '/pages/brand/brandDetail?id=6', NULL, 0);


-- ----------------------------
-- Table structure for sms_home_brand
-- ----------------------------
DROP TABLE IF EXISTS `sms_home_brand`;
CREATE TABLE `sms_home_brand`  (
  `id` bigint(20) NOT NULL AUTO_INCREMENT,
  `brand_id` bigint(20) NULL DEFAULT NULL,
  `brand_name` varchar(64) CHARACTER SET utf8 COLLATE utf8_general_ci NULL DEFAULT NULL,
  `recommend_status` int(1) NULL DEFAULT NULL,
  `sort` int(11) NULL DEFAULT NULL,
  PRIMARY KEY (`id`) USING BTREE
) ENGINE = InnoDB AUTO_INCREMENT = 48 CHARACTER SET = utf8 COLLATE = utf8_general_ci COMMENT = '首页推荐品牌表' ROW_FORMAT = Dynamic;

-- ----------------------------
-- Records of sms_home_brand
-- ----------------------------
INSERT INTO `sms_home_brand` VALUES (6, 6, '小米', 1, 300);
INSERT INTO `sms_home_brand` VALUES (32, 50, '海澜之家', 1, 198);
INSERT INTO `sms_home_brand` VALUES (45, 1, '万和', 1, 0);
INSERT INTO `sms_home_brand` VALUES (46, 5, '方太', 1, 0);
INSERT INTO `sms_home_brand` VALUES (47, 4, '格力', 1, 0);

-- ----------------------------
-- Table structure for sms_home_new_product
-- ----------------------------
DROP TABLE IF EXISTS `sms_home_new_product`;
CREATE TABLE `sms_home_new_product`  (
  `id` bigint(20) NOT NULL AUTO_INCREMENT,
  `product_id` bigint(20) NULL DEFAULT NULL,
  `product_name` varchar(500) CHARACTER SET utf8 COLLATE utf8_general_ci NULL DEFAULT NULL,
  `recommend_status` int(1) NULL DEFAULT NULL,
  `sort` int(1) NULL DEFAULT NULL,
  PRIMARY KEY (`id`) USING BTREE
) ENGINE = InnoDB AUTO_INCREMENT = 28 CHARACTER SET = utf8 COLLATE = utf8_general_ci COMMENT = '新鲜好物表' ROW_FORMAT = Dynamic;

-- ----------------------------
-- Records of sms_home_new_product
-- ----------------------------
INSERT INTO sms_home_new_product VALUES (19, 37, '实木书架 五层简约现代客厅书房家具', 1, 197);
INSERT INTO sms_home_new_product VALUES (20, 38, '北欧风格电视柜 客厅家具 时尚简约', 1, 0);
INSERT INTO sms_home_new_product VALUES (21, 39, '餐桌椅组合 现代简约家具 餐厅家居', 1, 198);
INSERT INTO sms_home_new_product VALUES (22, 40, '布艺沙发 客厅家具 三人位 时尚简约', 1, 200);
INSERT INTO sms_home_new_product VALUES (23, 41, '双人床 实木床架 卧室家具 简约风格', 1, 199);
INSERT INTO sms_home_new_product VALUES (24, 42, '衣柜 实木多功能储物柜 卧室家具', 1, 0);
INSERT INTO sms_home_new_product VALUES (25, 44, '茶几 圆形玻璃茶几 客厅家具 现代简约', 1, 0);
INSERT INTO sms_home_new_product VALUES (26, 45, '鞋柜 简约家具 多层鞋架 家居储物柜', 1, 0);
INSERT INTO sms_home_new_product VALUES (27, 43, '梳妆台 实木梳妆柜 带镜子椅子 卧室家具', 1, 0);

-- ----------------------------
-- Table structure for sms_home_recommend_product
-- ----------------------------
DROP TABLE IF EXISTS `sms_home_recommend_product`;
CREATE TABLE `sms_home_recommend_product`  (
  `id` bigint(20) NOT NULL AUTO_INCREMENT,
  `product_id` bigint(20) NULL DEFAULT NULL,
  `product_name` varchar(500) CHARACTER SET utf8 COLLATE utf8_general_ci NULL DEFAULT NULL,
  `recommend_status` int(1) NULL DEFAULT NULL,
  `sort` int(1) NULL DEFAULT NULL,
  PRIMARY KEY (`id`) USING BTREE
) ENGINE = InnoDB AUTO_INCREMENT = 15 CHARACTER SET = utf8 COLLATE = utf8_general_ci COMMENT = '人气推荐商品表' ROW_FORMAT = Dynamic;

-- ----------------------------
-- Records of sms_home_recommend_product
-- ----------------------------
INSERT INTO sms_home_recommend_product VALUES (10, 38, '北欧风实木餐桌', 1, 0);
INSERT INTO sms_home_recommend_product VALUES (11, 39, '现代简约沙发', 1, 0);
INSERT INTO sms_home_recommend_product VALUES (12, 44, '欧式风格吊灯', 1, 0);
INSERT INTO sms_home_recommend_product VALUES (13, 43, '日式和风榻榻米床', 1, 0);
INSERT INTO sms_home_recommend_product VALUES (14, 45, '北欧风格实木衣柜', 1, 0);

-- ----------------------------
-- Table structure for sms_home_recommend_subject
-- ----------------------------
DROP TABLE IF EXISTS `sms_home_recommend_subject`;
CREATE TABLE `sms_home_recommend_subject`  (
  `id` bigint(20) NOT NULL AUTO_INCREMENT,
  `subject_id` bigint(20) NULL DEFAULT NULL,
  `subject_name` varchar(64) CHARACTER SET utf8 COLLATE utf8_general_ci NULL DEFAULT NULL,
  `recommend_status` int(1) NULL DEFAULT NULL,
  `sort` int(11) NULL DEFAULT NULL,
  PRIMARY KEY (`id`) USING BTREE
) ENGINE = InnoDB AUTO_INCREMENT = 20 CHARACTER SET = utf8 COLLATE = utf8_general_ci COMMENT = '首页推荐专题表' ROW_FORMAT = Dynamic;

-- ----------------------------
-- Records of sms_home_recommend_subject
-- ----------------------------
INSERT INTO sms_home_recommend_subject VALUES (14, 1, '家具搭配时尚又百搭', 1, 0);
INSERT INTO sms_home_recommend_subject VALUES (15, 2, '大牌家具低价秒', 1, 0);
INSERT INTO sms_home_recommend_subject VALUES (16, 3, '新款家具上市啦', 1, 0);
INSERT INTO sms_home_recommend_subject VALUES (17, 4, '夏日清凉居家必备', 1, 0);
INSERT INTO sms_home_recommend_subject VALUES (18, 5, '夏季家具精选', 1, 100);
INSERT INTO sms_home_recommend_subject VALUES (19, 6, '品牌家具降价', 1, 0);

-- ----------------------------
-- Table structure for ums_admin
-- ----------------------------
DROP TABLE IF EXISTS `ums_admin`;
CREATE TABLE `ums_admin`  (
  `id` bigint(20) NOT NULL AUTO_INCREMENT,
  `username` varchar(64) CHARACTER SET utf8 COLLATE utf8_general_ci NULL DEFAULT NULL,
  `password` varchar(64) CHARACTER SET utf8 COLLATE utf8_general_ci NULL DEFAULT NULL,
  `icon` varchar(500) CHARACTER SET utf8 COLLATE utf8_general_ci NULL DEFAULT NULL COMMENT '头像',
  `email` varchar(100) CHARACTER SET utf8 COLLATE utf8_general_ci NULL DEFAULT NULL COMMENT '邮箱',
  `nick_name` varchar(200) CHARACTER SET utf8 COLLATE utf8_general_ci NULL DEFAULT NULL COMMENT '昵称',
  `note` varchar(500) CHARACTER SET utf8 COLLATE utf8_general_ci NULL DEFAULT NULL COMMENT '备注信息',
  `create_time` datetime NULL DEFAULT NULL COMMENT '创建时间',
  `login_time` datetime NULL DEFAULT NULL COMMENT '最后登录时间',
  `status` int(1) NULL DEFAULT 1 COMMENT '帐号启用状态：0->禁用；1->启用',
  PRIMARY KEY (`id`) USING BTREE
) ENGINE = InnoDB AUTO_INCREMENT = 11 CHARACTER SET = utf8 COLLATE = utf8_general_ci COMMENT = '后台用户表' ROW_FORMAT = Dynamic;

-- ----------------------------
-- Records of ums_admin
-- ----------------------------
INSERT INTO `ums_admin` VALUES (1, 'test', '$2a$10$NZ5o7r2E.ayT2ZoxgjlI.eJ6OEYqjH7INR/F.mXDbjZJi9HF0YCVG', 'https://macro-oss.oss-cn-shenzhen.aliyuncs.com/mall/icon/github_icon_02.png', 'test@qq.com', '测试账号', NULL, '2018-09-29 13:55:30', '2018-09-29 13:55:39', 1);
INSERT INTO `ums_admin` VALUES (3, 'admin', '$2a$10$.E1FokumK5GIXWgKlg.Hc.i/0/2.qdAwYFL1zc5QHdyzpXOr38RZO', 'https://macro-oss.oss-cn-shenzhen.aliyuncs.com/mall/icon/github_icon_01.png', 'admin@163.com', '系统管理员', '系统管理员', '2018-10-08 13:32:47', '2019-04-20 12:45:16', 1);
INSERT INTO `ums_admin` VALUES (4, 'macro', '$2a$10$Bx4jZPR7GhEpIQfefDQtVeS58GfT5n6mxs/b4nLLK65eMFa16topa', 'https://macro-oss.oss-cn-shenzhen.aliyuncs.com/mall/icon/github_icon_01.png', 'macro@qq.com', 'macro', 'macro专用', '2019-10-06 15:53:51', '2020-02-03 14:55:55', 1);
INSERT INTO `ums_admin` VALUES (6, 'productAdmin', '$2a$10$6/.J.p.6Bhn7ic4GfoB5D.pGd7xSiD1a9M6ht6yO0fxzlKJPjRAGm', 'https://macro-oss.oss-cn-shenzhen.aliyuncs.com/mall/icon/github_icon_03.png', 'product@qq.com', '商品管理员', '只有商品权限', '2020-02-07 16:15:08', NULL, 1);
INSERT INTO `ums_admin` VALUES (7, 'orderAdmin', '$2a$10$UqEhA9UZXjHHA3B.L9wNG.6aerrBjC6WHTtbv1FdvYPUI.7lkL6E.', 'https://macro-oss.oss-cn-shenzhen.aliyuncs.com/mall/icon/github_icon_04.png', 'order@qq.com', '订单管理员', '只有订单管理权限', '2020-02-07 16:15:50', NULL, 1);
INSERT INTO `ums_admin` VALUES (8, 'test123', '$2a$10$M1qJguEzwoAN0la7PB8UO.HOGe1xZGku7xw1iTaUUpY0ZVRCxrxoO', 'string', 'abc@qq.com', 'string', 'string', '2022-08-07 14:45:42', NULL, 1);
INSERT INTO `ums_admin` VALUES (9, 'test256', '$2a$10$kTMBrt8mkXcO8T4eHThFWOf3KuNK6tqevkiAf4YbtXtaCJ6ocYkJa', 'string', 'abc@qq.com', 'string', 'string', '2022-08-07 14:52:57', NULL, 1);
INSERT INTO `ums_admin` VALUES (10, 'test1267', '$2a$10$VUywDhXVPY13YZxMD/uPWeDqkzSozN7o8u/3MX6sBig2NK2VaTJZ2', NULL, 'test1267@qq.com', 'test1267', 'test1267', '2023-01-04 16:13:34', NULL, 1);

-- ----------------------------
-- Table structure for ums_admin_login_log
-- ----------------------------
DROP TABLE IF EXISTS `ums_admin_login_log`;
CREATE TABLE `ums_admin_login_log`  (
  `id` bigint(20) NOT NULL AUTO_INCREMENT,
  `admin_id` bigint(20) NULL DEFAULT NULL,
  `create_time` datetime NULL DEFAULT NULL,
  `ip` varchar(64) CHARACTER SET utf8 COLLATE utf8_general_ci NULL DEFAULT NULL,
  `address` varchar(100) CHARACTER SET utf8 COLLATE utf8_general_ci NULL DEFAULT NULL,
  `user_agent` varchar(100) CHARACTER SET utf8 COLLATE utf8_general_ci NULL DEFAULT NULL COMMENT '浏览器登录类型',
  PRIMARY KEY (`id`) USING BTREE
) ENGINE = InnoDB AUTO_INCREMENT = 412 CHARACTER SET = utf8 COLLATE = utf8_general_ci COMMENT = '后台用户登录日志表' ROW_FORMAT = Dynamic;

-- ----------------------------
-- Records of ums_admin_login_log
-- ----------------------------
INSERT INTO `ums_admin_login_log` VALUES (1, 3, '2018-12-23 14:27:00', '0:0:0:0:0:0:0:1', NULL, NULL);
INSERT INTO `ums_admin_login_log` VALUES (2, 3, '2019-04-07 16:04:39', '0:0:0:0:0:0:0:1', NULL, NULL);
INSERT INTO `ums_admin_login_log` VALUES (3, 3, '2019-04-08 21:47:52', '0:0:0:0:0:0:0:1', NULL, NULL);
INSERT INTO `ums_admin_login_log` VALUES (4, 3, '2019-04-08 21:48:18', '0:0:0:0:0:0:0:1', NULL, NULL);
INSERT INTO `ums_admin_login_log` VALUES (5, 3, '2019-04-18 22:18:40', '0:0:0:0:0:0:0:1', NULL, NULL);
INSERT INTO `ums_admin_login_log` VALUES (6, 3, '2019-04-20 12:45:16', '0:0:0:0:0:0:0:1', NULL, NULL);
INSERT INTO `ums_admin_login_log` VALUES (7, 3, '2019-05-19 14:52:12', '0:0:0:0:0:0:0:1', NULL, NULL);
INSERT INTO `ums_admin_login_log` VALUES (8, 3, '2019-05-25 15:00:17', '0:0:0:0:0:0:0:1', NULL, NULL);
INSERT INTO `ums_admin_login_log` VALUES (9, 3, '2019-06-19 20:11:42', '0:0:0:0:0:0:0:1', NULL, NULL);
INSERT INTO `ums_admin_login_log` VALUES (10, 3, '2019-06-30 10:33:48', '0:0:0:0:0:0:0:1', NULL, NULL);
INSERT INTO `ums_admin_login_log` VALUES (11, 3, '2019-06-30 10:34:31', '0:0:0:0:0:0:0:1', NULL, NULL);
INSERT INTO `ums_admin_login_log` VALUES (12, 3, '2019-06-30 10:35:34', '0:0:0:0:0:0:0:1', NULL, NULL);
INSERT INTO `ums_admin_login_log` VALUES (13, 3, '2019-07-27 17:11:01', '0:0:0:0:0:0:0:1', NULL, NULL);
INSERT INTO `ums_admin_login_log` VALUES (14, 3, '2019-07-27 17:13:18', '0:0:0:0:0:0:0:1', NULL, NULL);
INSERT INTO `ums_admin_login_log` VALUES (15, 3, '2019-07-27 17:15:35', '0:0:0:0:0:0:0:1', NULL, NULL);
INSERT INTO `ums_admin_login_log` VALUES (16, 3, '2019-07-27 17:17:11', '0:0:0:0:0:0:0:1', NULL, NULL);
INSERT INTO `ums_admin_login_log` VALUES (17, 3, '2019-07-27 17:18:34', '0:0:0:0:0:0:0:1', NULL, NULL);
INSERT INTO `ums_admin_login_log` VALUES (18, 3, '2019-07-27 21:21:52', '0:0:0:0:0:0:0:1', NULL, NULL);
INSERT INTO `ums_admin_login_log` VALUES (19, 3, '2019-07-27 21:34:29', '0:0:0:0:0:0:0:1', NULL, NULL);
INSERT INTO `ums_admin_login_log` VALUES (20, 3, '2019-07-27 21:35:17', '0:0:0:0:0:0:0:1', NULL, NULL);
INSERT INTO `ums_admin_login_log` VALUES (21, 3, '2019-07-27 21:35:48', '0:0:0:0:0:0:0:1', NULL, NULL);
INSERT INTO `ums_admin_login_log` VALUES (22, 3, '2019-07-27 21:40:33', '0:0:0:0:0:0:0:1', NULL, NULL);
INSERT INTO `ums_admin_login_log` VALUES (23, 3, '2019-08-18 16:00:38', '0:0:0:0:0:0:0:1', NULL, NULL);
INSERT INTO `ums_admin_login_log` VALUES (24, 3, '2019-08-18 16:01:06', '0:0:0:0:0:0:0:1', NULL, NULL);
INSERT INTO `ums_admin_login_log` VALUES (25, 3, '2019-08-18 16:47:01', '0:0:0:0:0:0:0:1', NULL, NULL);
INSERT INTO `ums_admin_login_log` VALUES (26, 3, '2019-10-06 15:54:23', '0:0:0:0:0:0:0:1', NULL, NULL);
INSERT INTO `ums_admin_login_log` VALUES (27, 3, '2019-10-06 16:03:28', '0:0:0:0:0:0:0:1', NULL, NULL);
INSERT INTO `ums_admin_login_log` VALUES (28, 3, '2019-10-06 16:04:51', '0:0:0:0:0:0:0:1', NULL, NULL);
INSERT INTO `ums_admin_login_log` VALUES (29, 3, '2019-10-06 16:06:44', '0:0:0:0:0:0:0:1', NULL, NULL);
INSERT INTO `ums_admin_login_log` VALUES (30, 3, '2019-10-06 16:14:51', '0:0:0:0:0:0:0:1', NULL, NULL);
INSERT INTO `ums_admin_login_log` VALUES (31, 1, '2019-10-06 16:15:09', '0:0:0:0:0:0:0:1', NULL, NULL);
INSERT INTO `ums_admin_login_log` VALUES (32, 1, '2019-10-06 16:16:14', '0:0:0:0:0:0:0:1', NULL, NULL);
INSERT INTO `ums_admin_login_log` VALUES (33, 3, '2019-10-06 16:16:35', '0:0:0:0:0:0:0:1', NULL, NULL);
INSERT INTO `ums_admin_login_log` VALUES (34, 3, '2019-10-06 16:16:42', '0:0:0:0:0:0:0:1', NULL, NULL);
INSERT INTO `ums_admin_login_log` VALUES (35, 3, '2019-10-07 15:20:48', '0:0:0:0:0:0:0:1', NULL, NULL);
INSERT INTO `ums_admin_login_log` VALUES (36, 3, '2019-10-07 15:40:07', '0:0:0:0:0:0:0:1', NULL, NULL);
INSERT INTO `ums_admin_login_log` VALUES (37, 3, '2019-10-07 16:34:15', '0:0:0:0:0:0:0:1', NULL, NULL);
INSERT INTO `ums_admin_login_log` VALUES (38, 3, '2019-10-09 21:19:08', '0:0:0:0:0:0:0:1', NULL, NULL);
INSERT INTO `ums_admin_login_log` VALUES (39, 4, '2019-10-09 21:30:35', '0:0:0:0:0:0:0:1', NULL, NULL);
INSERT INTO `ums_admin_login_log` VALUES (40, 4, '2019-10-09 21:31:30', '0:0:0:0:0:0:0:1', NULL, NULL);
INSERT INTO `ums_admin_login_log` VALUES (41, 4, '2019-10-09 21:32:39', '0:0:0:0:0:0:0:1', NULL, NULL);
INSERT INTO `ums_admin_login_log` VALUES (42, 4, '2019-10-09 21:33:27', '0:0:0:0:0:0:0:1', NULL, NULL);
INSERT INTO `ums_admin_login_log` VALUES (43, 4, '2019-10-09 21:33:50', '0:0:0:0:0:0:0:1', NULL, NULL);
INSERT INTO `ums_admin_login_log` VALUES (44, 3, '2019-10-20 16:02:53', '0:0:0:0:0:0:0:1', NULL, NULL);
INSERT INTO `ums_admin_login_log` VALUES (45, 3, '2019-10-23 21:20:55', '0:0:0:0:0:0:0:1', NULL, NULL);
INSERT INTO `ums_admin_login_log` VALUES (46, 3, '2019-10-27 21:41:45', '0:0:0:0:0:0:0:1', NULL, NULL);
INSERT INTO `ums_admin_login_log` VALUES (47, 3, '2019-11-09 16:44:57', '0:0:0:0:0:0:0:1', NULL, NULL);
INSERT INTO `ums_admin_login_log` VALUES (48, 3, '2019-11-09 16:46:56', '0:0:0:0:0:0:0:1', NULL, NULL);
INSERT INTO `ums_admin_login_log` VALUES (49, 3, '2019-11-09 16:49:55', '0:0:0:0:0:0:0:1', NULL, NULL);
INSERT INTO `ums_admin_login_log` VALUES (50, 3, '2019-11-23 14:17:16', '0:0:0:0:0:0:0:1', NULL, NULL);
INSERT INTO `ums_admin_login_log` VALUES (51, 6, '2019-11-23 14:52:30', '0:0:0:0:0:0:0:1', NULL, NULL);
INSERT INTO `ums_admin_login_log` VALUES (52, 3, '2019-11-23 15:07:24', '0:0:0:0:0:0:0:1', NULL, NULL);
INSERT INTO `ums_admin_login_log` VALUES (53, 3, '2019-11-30 21:25:30', '192.168.3.185', NULL, NULL);
INSERT INTO `ums_admin_login_log` VALUES (54, 3, '2019-11-30 21:27:54', '192.168.3.185', NULL, NULL);
INSERT INTO `ums_admin_login_log` VALUES (55, 3, '2019-12-28 15:23:01', '0:0:0:0:0:0:0:1', NULL, NULL);
INSERT INTO `ums_admin_login_log` VALUES (56, 3, '2020-01-01 15:21:46', '0:0:0:0:0:0:0:1', NULL, NULL);
INSERT INTO `ums_admin_login_log` VALUES (57, 3, '2020-01-04 16:00:54', '192.168.3.185', NULL, NULL);
INSERT INTO `ums_admin_login_log` VALUES (58, 3, '2020-02-01 15:05:19', '0:0:0:0:0:0:0:1', NULL, NULL);
INSERT INTO `ums_admin_login_log` VALUES (59, 3, '2020-02-01 15:36:05', '0:0:0:0:0:0:0:1', NULL, NULL);
INSERT INTO `ums_admin_login_log` VALUES (60, 3, '2020-02-01 15:36:36', '0:0:0:0:0:0:0:1', NULL, NULL);
INSERT INTO `ums_admin_login_log` VALUES (61, 3, '2020-02-01 15:37:30', '0:0:0:0:0:0:0:1', NULL, NULL);
INSERT INTO `ums_admin_login_log` VALUES (62, 3, '2020-02-01 15:37:46', '0:0:0:0:0:0:0:1', NULL, NULL);
INSERT INTO `ums_admin_login_log` VALUES (63, 3, '2020-02-01 15:38:20', '0:0:0:0:0:0:0:1', NULL, NULL);
INSERT INTO `ums_admin_login_log` VALUES (64, 3, '2020-02-01 15:38:33', '0:0:0:0:0:0:0:1', NULL, NULL);
INSERT INTO `ums_admin_login_log` VALUES (65, 3, '2020-02-01 15:39:06', '0:0:0:0:0:0:0:1', NULL, NULL);
INSERT INTO `ums_admin_login_log` VALUES (66, 3, '2020-02-01 15:41:31', '0:0:0:0:0:0:0:1', NULL, NULL);
INSERT INTO `ums_admin_login_log` VALUES (67, 3, '2020-02-01 15:43:17', '0:0:0:0:0:0:0:1', NULL, NULL);
INSERT INTO `ums_admin_login_log` VALUES (68, 3, '2020-02-01 15:44:34', '0:0:0:0:0:0:0:1', NULL, NULL);
INSERT INTO `ums_admin_login_log` VALUES (69, 3, '2020-02-01 15:45:10', '0:0:0:0:0:0:0:1', NULL, NULL);
INSERT INTO `ums_admin_login_log` VALUES (70, 3, '2020-02-01 15:46:04', '0:0:0:0:0:0:0:1', NULL, NULL);
INSERT INTO `ums_admin_login_log` VALUES (71, 3, '2020-02-01 15:48:33', '0:0:0:0:0:0:0:1', NULL, NULL);
INSERT INTO `ums_admin_login_log` VALUES (72, 3, '2020-02-01 16:00:07', '0:0:0:0:0:0:0:1', NULL, NULL);
INSERT INTO `ums_admin_login_log` VALUES (73, 3, '2020-02-01 16:07:25', '0:0:0:0:0:0:0:1', NULL, NULL);
INSERT INTO `ums_admin_login_log` VALUES (74, 3, '2020-02-01 16:08:22', '0:0:0:0:0:0:0:1', NULL, NULL);
INSERT INTO `ums_admin_login_log` VALUES (75, 3, '2020-02-02 15:28:13', '0:0:0:0:0:0:0:1', NULL, NULL);
INSERT INTO `ums_admin_login_log` VALUES (76, 3, '2020-02-02 15:44:37', '0:0:0:0:0:0:0:1', NULL, NULL);
INSERT INTO `ums_admin_login_log` VALUES (77, 3, '2020-02-02 15:45:25', '0:0:0:0:0:0:0:1', NULL, NULL);
INSERT INTO `ums_admin_login_log` VALUES (78, 3, '2020-02-02 15:52:32', '0:0:0:0:0:0:0:1', NULL, NULL);
INSERT INTO `ums_admin_login_log` VALUES (79, 3, '2020-02-02 15:53:44', '0:0:0:0:0:0:0:1', NULL, NULL);
INSERT INTO `ums_admin_login_log` VALUES (80, 3, '2020-02-02 15:54:36', '0:0:0:0:0:0:0:1', NULL, NULL);
INSERT INTO `ums_admin_login_log` VALUES (81, 3, '2020-02-02 16:01:00', '0:0:0:0:0:0:0:1', NULL, NULL);
INSERT INTO `ums_admin_login_log` VALUES (82, 3, '2020-02-02 16:05:19', '0:0:0:0:0:0:0:1', NULL, NULL);
INSERT INTO `ums_admin_login_log` VALUES (83, 3, '2020-02-02 16:06:31', '0:0:0:0:0:0:0:1', NULL, NULL);
INSERT INTO `ums_admin_login_log` VALUES (84, 3, '2020-02-02 16:17:26', '0:0:0:0:0:0:0:1', NULL, NULL);
INSERT INTO `ums_admin_login_log` VALUES (85, 3, '2020-02-02 16:18:45', '0:0:0:0:0:0:0:1', NULL, NULL);
INSERT INTO `ums_admin_login_log` VALUES (86, 3, '2020-02-02 16:19:05', '0:0:0:0:0:0:0:1', NULL, NULL);
INSERT INTO `ums_admin_login_log` VALUES (87, 3, '2020-02-02 16:19:23', '0:0:0:0:0:0:0:1', NULL, NULL);
INSERT INTO `ums_admin_login_log` VALUES (88, 3, '2020-02-02 16:22:27', '0:0:0:0:0:0:0:1', NULL, NULL);
INSERT INTO `ums_admin_login_log` VALUES (89, 3, '2020-02-02 16:23:30', '0:0:0:0:0:0:0:1', NULL, NULL);
INSERT INTO `ums_admin_login_log` VALUES (90, 3, '2020-02-02 16:23:48', '0:0:0:0:0:0:0:1', NULL, NULL);
INSERT INTO `ums_admin_login_log` VALUES (91, 3, '2020-02-02 16:24:38', '0:0:0:0:0:0:0:1', NULL, NULL);
INSERT INTO `ums_admin_login_log` VALUES (92, 3, '2020-02-02 16:25:22', '0:0:0:0:0:0:0:1', NULL, NULL);
INSERT INTO `ums_admin_login_log` VALUES (93, 3, '2020-02-02 16:26:19', '0:0:0:0:0:0:0:1', NULL, NULL);
INSERT INTO `ums_admin_login_log` VALUES (94, 3, '2020-02-02 16:26:31', '0:0:0:0:0:0:0:1', NULL, NULL);
INSERT INTO `ums_admin_login_log` VALUES (95, 3, '2020-02-02 16:27:08', '0:0:0:0:0:0:0:1', NULL, NULL);
INSERT INTO `ums_admin_login_log` VALUES (96, 3, '2020-02-02 16:31:02', '0:0:0:0:0:0:0:1', NULL, NULL);
INSERT INTO `ums_admin_login_log` VALUES (97, 3, '2020-02-02 16:31:08', '0:0:0:0:0:0:0:1', NULL, NULL);
INSERT INTO `ums_admin_login_log` VALUES (98, 3, '2020-02-02 16:31:25', '0:0:0:0:0:0:0:1', NULL, NULL);
INSERT INTO `ums_admin_login_log` VALUES (99, 3, '2020-02-02 16:31:50', '0:0:0:0:0:0:0:1', NULL, NULL);
INSERT INTO `ums_admin_login_log` VALUES (100, 3, '2020-02-02 16:33:22', '0:0:0:0:0:0:0:1', NULL, NULL);
INSERT INTO `ums_admin_login_log` VALUES (101, 3, '2020-02-02 16:33:41', '0:0:0:0:0:0:0:1', NULL, NULL);
INSERT INTO `ums_admin_login_log` VALUES (102, 3, '2020-02-02 16:34:58', '0:0:0:0:0:0:0:1', NULL, NULL);
INSERT INTO `ums_admin_login_log` VALUES (103, 3, '2020-02-02 16:38:42', '0:0:0:0:0:0:0:1', NULL, NULL);
INSERT INTO `ums_admin_login_log` VALUES (104, 3, '2020-02-02 16:39:41', '0:0:0:0:0:0:0:1', NULL, NULL);
INSERT INTO `ums_admin_login_log` VALUES (105, 3, '2020-02-02 16:42:22', '0:0:0:0:0:0:0:1', NULL, NULL);
INSERT INTO `ums_admin_login_log` VALUES (106, 3, '2020-02-02 16:46:21', '0:0:0:0:0:0:0:1', NULL, NULL);
INSERT INTO `ums_admin_login_log` VALUES (107, 3, '2020-02-02 16:50:23', '0:0:0:0:0:0:0:1', NULL, NULL);
INSERT INTO `ums_admin_login_log` VALUES (108, 3, '2020-02-02 16:51:11', '0:0:0:0:0:0:0:1', NULL, NULL);
INSERT INTO `ums_admin_login_log` VALUES (109, 3, '2020-02-02 16:51:22', '0:0:0:0:0:0:0:1', NULL, NULL);
INSERT INTO `ums_admin_login_log` VALUES (110, 3, '2020-02-02 16:52:00', '0:0:0:0:0:0:0:1', NULL, NULL);
INSERT INTO `ums_admin_login_log` VALUES (111, 3, '2020-02-02 17:01:05', '0:0:0:0:0:0:0:1', NULL, NULL);
INSERT INTO `ums_admin_login_log` VALUES (112, 3, '2020-02-03 10:43:22', '0:0:0:0:0:0:0:1', NULL, NULL);
INSERT INTO `ums_admin_login_log` VALUES (113, 3, '2020-02-03 10:45:29', '0:0:0:0:0:0:0:1', NULL, NULL);
INSERT INTO `ums_admin_login_log` VALUES (114, 3, '2020-02-03 10:46:33', '0:0:0:0:0:0:0:1', NULL, NULL);
INSERT INTO `ums_admin_login_log` VALUES (115, 3, '2020-02-03 10:54:33', '0:0:0:0:0:0:0:1', NULL, NULL);
INSERT INTO `ums_admin_login_log` VALUES (116, 3, '2020-02-03 14:24:47', '0:0:0:0:0:0:0:1', NULL, NULL);
INSERT INTO `ums_admin_login_log` VALUES (117, 3, '2020-02-03 14:25:38', '0:0:0:0:0:0:0:1', NULL, NULL);
INSERT INTO `ums_admin_login_log` VALUES (118, 5, '2020-02-03 15:22:28', '0:0:0:0:0:0:0:1', NULL, NULL);
INSERT INTO `ums_admin_login_log` VALUES (119, 5, '2020-02-03 15:23:00', '0:0:0:0:0:0:0:1', NULL, NULL);
INSERT INTO `ums_admin_login_log` VALUES (120, 5, '2020-02-03 15:24:29', '0:0:0:0:0:0:0:1', NULL, NULL);
INSERT INTO `ums_admin_login_log` VALUES (121, 3, '2020-02-03 15:24:50', '0:0:0:0:0:0:0:1', NULL, NULL);
INSERT INTO `ums_admin_login_log` VALUES (122, 5, '2020-02-03 15:27:18', '0:0:0:0:0:0:0:1', NULL, NULL);
INSERT INTO `ums_admin_login_log` VALUES (123, 3, '2020-02-03 15:27:33', '0:0:0:0:0:0:0:1', NULL, NULL);
INSERT INTO `ums_admin_login_log` VALUES (124, 3, '2020-02-03 15:29:06', '0:0:0:0:0:0:0:1', NULL, NULL);
INSERT INTO `ums_admin_login_log` VALUES (125, 5, '2020-02-03 15:33:25', '0:0:0:0:0:0:0:1', NULL, NULL);
INSERT INTO `ums_admin_login_log` VALUES (126, 3, '2020-02-03 15:33:51', '0:0:0:0:0:0:0:1', NULL, NULL);
INSERT INTO `ums_admin_login_log` VALUES (127, 1, '2020-02-03 15:34:35', '0:0:0:0:0:0:0:1', NULL, NULL);
INSERT INTO `ums_admin_login_log` VALUES (128, 3, '2020-02-03 15:34:47', '0:0:0:0:0:0:0:1', NULL, NULL);
INSERT INTO `ums_admin_login_log` VALUES (129, 3, '2020-02-04 14:14:46', '0:0:0:0:0:0:0:1', NULL, NULL);
INSERT INTO `ums_admin_login_log` VALUES (130, 3, '2020-02-05 10:33:35', '0:0:0:0:0:0:0:1', NULL, NULL);
INSERT INTO `ums_admin_login_log` VALUES (131, 3, '2020-02-05 10:36:21', '0:0:0:0:0:0:0:1', NULL, NULL);
INSERT INTO `ums_admin_login_log` VALUES (132, 3, '2020-02-05 16:34:37', '0:0:0:0:0:0:0:1', NULL, NULL);
INSERT INTO `ums_admin_login_log` VALUES (133, 4, '2020-02-05 16:58:37', '0:0:0:0:0:0:0:1', NULL, NULL);
INSERT INTO `ums_admin_login_log` VALUES (134, 3, '2020-02-05 16:59:03', '0:0:0:0:0:0:0:1', NULL, NULL);
INSERT INTO `ums_admin_login_log` VALUES (135, 3, '2020-02-06 10:25:02', '0:0:0:0:0:0:0:1', NULL, NULL);
INSERT INTO `ums_admin_login_log` VALUES (136, 3, '2020-02-07 14:34:34', '0:0:0:0:0:0:0:1', NULL, NULL);
INSERT INTO `ums_admin_login_log` VALUES (137, 3, '2020-02-07 14:36:20', '0:0:0:0:0:0:0:1', NULL, NULL);
INSERT INTO `ums_admin_login_log` VALUES (138, 1, '2020-02-07 14:43:34', '0:0:0:0:0:0:0:1', NULL, NULL);
INSERT INTO `ums_admin_login_log` VALUES (139, 3, '2020-02-07 15:18:06', '0:0:0:0:0:0:0:1', NULL, NULL);
INSERT INTO `ums_admin_login_log` VALUES (140, 3, '2020-02-07 15:20:07', '0:0:0:0:0:0:0:1', NULL, NULL);
INSERT INTO `ums_admin_login_log` VALUES (141, 3, '2020-02-07 15:22:20', '0:0:0:0:0:0:0:1', NULL, NULL);
INSERT INTO `ums_admin_login_log` VALUES (142, 3, '2020-02-07 15:22:28', '0:0:0:0:0:0:0:1', NULL, NULL);
INSERT INTO `ums_admin_login_log` VALUES (143, 3, '2020-02-07 15:55:11', '0:0:0:0:0:0:0:1', NULL, NULL);
INSERT INTO `ums_admin_login_log` VALUES (144, 3, '2020-02-07 15:56:04', '0:0:0:0:0:0:0:1', NULL, NULL);
INSERT INTO `ums_admin_login_log` VALUES (145, 3, '2020-02-07 15:58:49', '0:0:0:0:0:0:0:1', NULL, NULL);
INSERT INTO `ums_admin_login_log` VALUES (146, 6, '2020-02-07 16:16:21', '0:0:0:0:0:0:0:1', NULL, NULL);
INSERT INTO `ums_admin_login_log` VALUES (147, 7, '2020-02-07 16:16:37', '0:0:0:0:0:0:0:1', NULL, NULL);
INSERT INTO `ums_admin_login_log` VALUES (148, 3, '2020-02-07 16:18:39', '0:0:0:0:0:0:0:1', NULL, NULL);
INSERT INTO `ums_admin_login_log` VALUES (149, 7, '2020-02-07 16:20:06', '0:0:0:0:0:0:0:1', NULL, NULL);
INSERT INTO `ums_admin_login_log` VALUES (150, 3, '2020-02-07 16:20:44', '0:0:0:0:0:0:0:1', NULL, NULL);
INSERT INTO `ums_admin_login_log` VALUES (151, 3, '2020-02-07 16:32:31', '0:0:0:0:0:0:0:1', NULL, NULL);
INSERT INTO `ums_admin_login_log` VALUES (152, 3, '2020-02-07 19:32:34', '0:0:0:0:0:0:0:1', NULL, NULL);
INSERT INTO `ums_admin_login_log` VALUES (153, 3, '2020-02-07 19:32:48', '0:0:0:0:0:0:0:1', NULL, NULL);
INSERT INTO `ums_admin_login_log` VALUES (154, 3, '2020-02-07 19:33:01', '0:0:0:0:0:0:0:1', NULL, NULL);
INSERT INTO `ums_admin_login_log` VALUES (155, 3, '2020-02-07 19:33:06', '0:0:0:0:0:0:0:1', NULL, NULL);
INSERT INTO `ums_admin_login_log` VALUES (156, 3, '2020-02-07 19:33:21', '0:0:0:0:0:0:0:1', NULL, NULL);
INSERT INTO `ums_admin_login_log` VALUES (157, 3, '2020-02-07 19:35:33', '0:0:0:0:0:0:0:1', NULL, NULL);
INSERT INTO `ums_admin_login_log` VALUES (158, 3, '2020-02-07 19:37:10', '0:0:0:0:0:0:0:1', NULL, NULL);
INSERT INTO `ums_admin_login_log` VALUES (159, 3, '2020-02-07 19:37:14', '0:0:0:0:0:0:0:1', NULL, NULL);
INSERT INTO `ums_admin_login_log` VALUES (160, 3, '2020-02-07 19:37:25', '0:0:0:0:0:0:0:1', NULL, NULL);
INSERT INTO `ums_admin_login_log` VALUES (161, 3, '2020-02-07 19:45:41', '0:0:0:0:0:0:0:1', NULL, NULL);
INSERT INTO `ums_admin_login_log` VALUES (162, 3, '2020-02-07 19:47:45', '0:0:0:0:0:0:0:1', NULL, NULL);
INSERT INTO `ums_admin_login_log` VALUES (163, 3, '2020-02-07 20:02:25', '0:0:0:0:0:0:0:1', NULL, NULL);
INSERT INTO `ums_admin_login_log` VALUES (164, 6, '2020-02-07 20:10:55', '0:0:0:0:0:0:0:1', NULL, NULL);
INSERT INTO `ums_admin_login_log` VALUES (165, 6, '2020-02-07 20:11:02', '0:0:0:0:0:0:0:1', NULL, NULL);
INSERT INTO `ums_admin_login_log` VALUES (166, 6, '2020-02-07 20:13:44', '0:0:0:0:0:0:0:1', NULL, NULL);
INSERT INTO `ums_admin_login_log` VALUES (167, 6, '2020-02-07 20:17:14', '0:0:0:0:0:0:0:1', NULL, NULL);
INSERT INTO `ums_admin_login_log` VALUES (168, 3, '2020-02-07 20:17:44', '0:0:0:0:0:0:0:1', NULL, NULL);
INSERT INTO `ums_admin_login_log` VALUES (169, 6, '2020-02-07 20:18:13', '0:0:0:0:0:0:0:1', NULL, NULL);
INSERT INTO `ums_admin_login_log` VALUES (170, 3, '2020-02-10 10:28:14', '0:0:0:0:0:0:0:1', NULL, NULL);
INSERT INTO `ums_admin_login_log` VALUES (171, 3, '2020-02-10 10:45:15', '0:0:0:0:0:0:0:1', NULL, NULL);
INSERT INTO `ums_admin_login_log` VALUES (172, 3, '2020-02-10 10:57:46', '0:0:0:0:0:0:0:1', NULL, NULL);
INSERT INTO `ums_admin_login_log` VALUES (173, 3, '2020-02-10 10:59:06', '0:0:0:0:0:0:0:1', NULL, NULL);
INSERT INTO `ums_admin_login_log` VALUES (174, 3, '2020-02-10 11:04:19', '0:0:0:0:0:0:0:1', NULL, NULL);
INSERT INTO `ums_admin_login_log` VALUES (175, 3, '2020-02-10 11:05:55', '0:0:0:0:0:0:0:1', NULL, NULL);
INSERT INTO `ums_admin_login_log` VALUES (176, 3, '2020-02-10 11:06:45', '0:0:0:0:0:0:0:1', NULL, NULL);
INSERT INTO `ums_admin_login_log` VALUES (177, 3, '2020-02-10 11:07:41', '0:0:0:0:0:0:0:1', NULL, NULL);
INSERT INTO `ums_admin_login_log` VALUES (178, 3, '2020-02-10 11:08:13', '0:0:0:0:0:0:0:1', NULL, NULL);
INSERT INTO `ums_admin_login_log` VALUES (179, 3, '2020-02-10 11:10:02', '0:0:0:0:0:0:0:1', NULL, NULL);
INSERT INTO `ums_admin_login_log` VALUES (180, 6, '2020-02-10 14:25:17', '0:0:0:0:0:0:0:1', NULL, NULL);
INSERT INTO `ums_admin_login_log` VALUES (181, 6, '2020-02-10 14:29:14', '0:0:0:0:0:0:0:1', NULL, NULL);
INSERT INTO `ums_admin_login_log` VALUES (182, 3, '2020-02-10 16:09:16', '0:0:0:0:0:0:0:1', NULL, NULL);
INSERT INTO `ums_admin_login_log` VALUES (183, 3, '2020-02-20 14:39:19', '0:0:0:0:0:0:0:1', NULL, NULL);
INSERT INTO `ums_admin_login_log` VALUES (184, 8, '2020-02-20 17:14:58', '0:0:0:0:0:0:0:1', NULL, NULL);
INSERT INTO `ums_admin_login_log` VALUES (185, 8, '2020-02-20 17:17:04', '0:0:0:0:0:0:0:1', NULL, NULL);
INSERT INTO `ums_admin_login_log` VALUES (186, 8, '2020-02-20 17:17:42', '0:0:0:0:0:0:0:1', NULL, NULL);
INSERT INTO `ums_admin_login_log` VALUES (187, 8, '2020-02-21 10:26:56', '0:0:0:0:0:0:0:1', NULL, NULL);
INSERT INTO `ums_admin_login_log` VALUES (188, 8, '2020-02-21 10:28:54', '0:0:0:0:0:0:0:1', NULL, NULL);
INSERT INTO `ums_admin_login_log` VALUES (189, 8, '2020-02-21 10:32:25', '0:0:0:0:0:0:0:1', NULL, NULL);
INSERT INTO `ums_admin_login_log` VALUES (190, 8, '2020-02-21 10:33:41', '0:0:0:0:0:0:0:1', NULL, NULL);
INSERT INTO `ums_admin_login_log` VALUES (191, 8, '2020-02-21 10:35:58', '0:0:0:0:0:0:0:1', NULL, NULL);
INSERT INTO `ums_admin_login_log` VALUES (192, 8, '2020-02-21 10:36:49', '0:0:0:0:0:0:0:1', NULL, NULL);
INSERT INTO `ums_admin_login_log` VALUES (193, 3, '2020-02-21 11:10:11', '0:0:0:0:0:0:0:1', NULL, NULL);
INSERT INTO `ums_admin_login_log` VALUES (194, 3, '2020-02-25 16:11:13', '0:0:0:0:0:0:0:1', NULL, NULL);
INSERT INTO `ums_admin_login_log` VALUES (195, 3, '2020-02-25 16:46:29', '0:0:0:0:0:0:0:1', NULL, NULL);
INSERT INTO `ums_admin_login_log` VALUES (196, 3, '2020-03-07 16:33:59', '192.168.3.185', NULL, NULL);
INSERT INTO `ums_admin_login_log` VALUES (197, 6, '2020-03-07 16:35:38', '192.168.3.185', NULL, NULL);
INSERT INTO `ums_admin_login_log` VALUES (198, 3, '2020-03-07 17:00:09', '192.168.3.185', NULL, NULL);
INSERT INTO `ums_admin_login_log` VALUES (199, 3, '2020-03-14 14:32:08', '0:0:0:0:0:0:0:1', NULL, NULL);
INSERT INTO `ums_admin_login_log` VALUES (200, 8, '2020-03-14 14:32:59', '0:0:0:0:0:0:0:1', NULL, NULL);
INSERT INTO `ums_admin_login_log` VALUES (201, 3, '2020-03-14 14:33:26', '0:0:0:0:0:0:0:1', NULL, NULL);
INSERT INTO `ums_admin_login_log` VALUES (202, 8, '2020-03-14 14:34:57', '0:0:0:0:0:0:0:1', NULL, NULL);
INSERT INTO `ums_admin_login_log` VALUES (203, 3, '2020-03-14 14:35:23', '0:0:0:0:0:0:0:1', NULL, NULL);
INSERT INTO `ums_admin_login_log` VALUES (204, 8, '2020-03-14 14:36:31', '0:0:0:0:0:0:0:1', NULL, NULL);
INSERT INTO `ums_admin_login_log` VALUES (205, 3, '2020-03-14 14:36:51', '0:0:0:0:0:0:0:1', NULL, NULL);
INSERT INTO `ums_admin_login_log` VALUES (206, 8, '2020-03-14 14:37:31', '0:0:0:0:0:0:0:1', NULL, NULL);
INSERT INTO `ums_admin_login_log` VALUES (207, 3, '2020-03-14 14:37:44', '0:0:0:0:0:0:0:1', NULL, NULL);
INSERT INTO `ums_admin_login_log` VALUES (208, 8, '2020-03-14 14:38:30', '0:0:0:0:0:0:0:1', NULL, NULL);
INSERT INTO `ums_admin_login_log` VALUES (209, 3, '2020-03-14 14:38:50', '0:0:0:0:0:0:0:1', NULL, NULL);
INSERT INTO `ums_admin_login_log` VALUES (210, 8, '2020-03-14 14:39:26', '0:0:0:0:0:0:0:1', NULL, NULL);
INSERT INTO `ums_admin_login_log` VALUES (211, 3, '2020-03-14 14:39:41', '0:0:0:0:0:0:0:1', NULL, NULL);
INSERT INTO `ums_admin_login_log` VALUES (212, 3, '2020-03-15 14:23:54', '0:0:0:0:0:0:0:1', NULL, NULL);
INSERT INTO `ums_admin_login_log` VALUES (213, 3, '2020-03-22 14:33:17', '0:0:0:0:0:0:0:1', NULL, NULL);
INSERT INTO `ums_admin_login_log` VALUES (214, 3, '2020-03-22 14:59:51', '0:0:0:0:0:0:0:1', NULL, NULL);
INSERT INTO `ums_admin_login_log` VALUES (215, 3, '2020-03-22 15:04:32', '0:0:0:0:0:0:0:1', NULL, NULL);
INSERT INTO `ums_admin_login_log` VALUES (216, 3, '2020-03-29 16:14:37', '0:0:0:0:0:0:0:1', NULL, NULL);
INSERT INTO `ums_admin_login_log` VALUES (217, 3, '2020-03-29 17:17:00', '0:0:0:0:0:0:0:1', NULL, NULL);
INSERT INTO `ums_admin_login_log` VALUES (218, 3, '2020-04-06 16:54:49', '0:0:0:0:0:0:0:1', NULL, NULL);
INSERT INTO `ums_admin_login_log` VALUES (219, 3, '2020-04-12 15:01:40', '0:0:0:0:0:0:0:1', NULL, NULL);
INSERT INTO `ums_admin_login_log` VALUES (220, 3, '2020-04-19 09:50:59', '0:0:0:0:0:0:0:1', NULL, NULL);
INSERT INTO `ums_admin_login_log` VALUES (221, 3, '2020-05-04 10:45:45', '0:0:0:0:0:0:0:1', NULL, NULL);
INSERT INTO `ums_admin_login_log` VALUES (222, 3, '2020-05-05 11:02:44', '0:0:0:0:0:0:0:1', NULL, NULL);
INSERT INTO `ums_admin_login_log` VALUES (223, 3, '2020-05-16 15:17:21', '0:0:0:0:0:0:0:1', NULL, NULL);
INSERT INTO `ums_admin_login_log` VALUES (224, 3, '2020-05-17 14:58:35', '0:0:0:0:0:0:0:1', NULL, NULL);
INSERT INTO `ums_admin_login_log` VALUES (225, 3, '2020-05-18 15:47:46', '0:0:0:0:0:0:0:1', NULL, NULL);
INSERT INTO `ums_admin_login_log` VALUES (226, 3, '2020-05-23 16:51:15', '0:0:0:0:0:0:0:1', NULL, NULL);
INSERT INTO `ums_admin_login_log` VALUES (227, 3, '2020-05-23 16:54:53', '0:0:0:0:0:0:0:1', NULL, NULL);
INSERT INTO `ums_admin_login_log` VALUES (228, 3, '2020-05-23 17:00:33', '0:0:0:0:0:0:0:1', NULL, NULL);
INSERT INTO `ums_admin_login_log` VALUES (229, 3, '2020-05-24 10:38:00', '0:0:0:0:0:0:0:1', NULL, NULL);
INSERT INTO `ums_admin_login_log` VALUES (230, 3, '2020-06-07 09:39:31', '0:0:0:0:0:0:0:1', NULL, NULL);
INSERT INTO `ums_admin_login_log` VALUES (231, 3, '2020-06-14 14:23:30', '0:0:0:0:0:0:0:1', NULL, NULL);
INSERT INTO `ums_admin_login_log` VALUES (232, 3, '2020-06-14 17:11:59', '0:0:0:0:0:0:0:1', NULL, NULL);
INSERT INTO `ums_admin_login_log` VALUES (233, 3, '2020-06-20 14:53:51', '0:0:0:0:0:0:0:1', NULL, NULL);
INSERT INTO `ums_admin_login_log` VALUES (234, 3, '2020-06-21 14:57:36', '0:0:0:0:0:0:0:1', NULL, NULL);
INSERT INTO `ums_admin_login_log` VALUES (235, 3, '2020-06-27 10:41:31', '0:0:0:0:0:0:0:1', NULL, NULL);
INSERT INTO `ums_admin_login_log` VALUES (236, 3, '2020-07-05 15:54:21', '0:0:0:0:0:0:0:1', NULL, NULL);
INSERT INTO `ums_admin_login_log` VALUES (237, 3, '2020-07-11 10:40:28', '0:0:0:0:0:0:0:1', NULL, NULL);
INSERT INTO `ums_admin_login_log` VALUES (238, 3, '2020-07-11 10:45:01', '0:0:0:0:0:0:0:1', NULL, NULL);
INSERT INTO `ums_admin_login_log` VALUES (239, 3, '2020-07-19 11:00:16', '192.168.3.185', NULL, NULL);
INSERT INTO `ums_admin_login_log` VALUES (240, 3, '2020-07-19 11:46:27', '192.168.3.185', NULL, NULL);
INSERT INTO `ums_admin_login_log` VALUES (241, 3, '2020-07-19 11:53:47', '192.168.3.185', NULL, NULL);
INSERT INTO `ums_admin_login_log` VALUES (242, 3, '2020-07-19 14:17:37', '192.168.3.185', NULL, NULL);
INSERT INTO `ums_admin_login_log` VALUES (243, 3, '2020-07-19 14:44:24', '192.168.3.185', NULL, NULL);
INSERT INTO `ums_admin_login_log` VALUES (244, 3, '2020-07-19 14:44:58', '192.168.3.185', NULL, NULL);
INSERT INTO `ums_admin_login_log` VALUES (245, 3, '2020-07-19 14:48:27', '192.168.3.185', NULL, NULL);
INSERT INTO `ums_admin_login_log` VALUES (246, 3, '2020-07-19 14:48:57', '192.168.3.185', NULL, NULL);
INSERT INTO `ums_admin_login_log` VALUES (247, 3, '2020-07-19 14:49:30', '192.168.3.185', NULL, NULL);
INSERT INTO `ums_admin_login_log` VALUES (248, 3, '2020-07-19 14:50:18', '192.168.3.185', NULL, NULL);
INSERT INTO `ums_admin_login_log` VALUES (249, 3, '2020-07-19 14:51:51', '192.168.3.185', NULL, NULL);
INSERT INTO `ums_admin_login_log` VALUES (250, 3, '2020-07-19 14:55:27', '192.168.3.185', NULL, NULL);
INSERT INTO `ums_admin_login_log` VALUES (251, 3, '2020-07-19 14:58:14', '192.168.3.185', NULL, NULL);
INSERT INTO `ums_admin_login_log` VALUES (252, 6, '2020-07-19 15:04:21', '192.168.3.185', NULL, NULL);
INSERT INTO `ums_admin_login_log` VALUES (253, 3, '2020-07-19 15:38:49', '192.168.3.185', NULL, NULL);
INSERT INTO `ums_admin_login_log` VALUES (254, 6, '2020-07-19 16:26:24', '0:0:0:0:0:0:0:1', NULL, NULL);
INSERT INTO `ums_admin_login_log` VALUES (255, 3, '2020-08-08 10:39:12', '0:0:0:0:0:0:0:1', NULL, NULL);
INSERT INTO `ums_admin_login_log` VALUES (256, 3, '2020-08-09 11:06:31', '0:0:0:0:0:0:0:1', NULL, NULL);
INSERT INTO `ums_admin_login_log` VALUES (257, 3, '2020-08-10 20:41:30', '0:0:0:0:0:0:0:1', NULL, NULL);
INSERT INTO `ums_admin_login_log` VALUES (258, 3, '2020-08-15 10:12:25', '0:0:0:0:0:0:0:1', NULL, NULL);
INSERT INTO `ums_admin_login_log` VALUES (259, 1, '2020-08-19 21:23:59', '0:0:0:0:0:0:0:1', NULL, NULL);
INSERT INTO `ums_admin_login_log` VALUES (260, 1, '2020-08-19 21:25:06', '0:0:0:0:0:0:0:1', NULL, NULL);
INSERT INTO `ums_admin_login_log` VALUES (261, 3, '2020-09-05 16:14:50', '192.168.3.185', NULL, NULL);
INSERT INTO `ums_admin_login_log` VALUES (262, 3, '2020-09-05 16:15:37', '192.168.3.185', NULL, NULL);
INSERT INTO `ums_admin_login_log` VALUES (263, 3, '2020-09-12 16:07:35', '0:0:0:0:0:0:0:1', NULL, NULL);
INSERT INTO `ums_admin_login_log` VALUES (264, 6, '2020-09-12 16:08:14', '0:0:0:0:0:0:0:1', NULL, NULL);
INSERT INTO `ums_admin_login_log` VALUES (265, 1, '2020-09-12 16:08:26', '0:0:0:0:0:0:0:1', NULL, NULL);
INSERT INTO `ums_admin_login_log` VALUES (266, 6, '2020-09-12 16:09:08', '0:0:0:0:0:0:0:1', NULL, NULL);
INSERT INTO `ums_admin_login_log` VALUES (267, 1, '2020-09-12 16:09:17', '0:0:0:0:0:0:0:1', NULL, NULL);
INSERT INTO `ums_admin_login_log` VALUES (268, 3, '2020-09-13 14:22:25', '0:0:0:0:0:0:0:1', NULL, NULL);
INSERT INTO `ums_admin_login_log` VALUES (269, 3, '2020-09-13 14:23:07', '0:0:0:0:0:0:0:1', NULL, NULL);
INSERT INTO `ums_admin_login_log` VALUES (270, 3, '2020-09-13 14:24:21', '0:0:0:0:0:0:0:1', NULL, NULL);
INSERT INTO `ums_admin_login_log` VALUES (271, 3, '2020-09-13 14:32:32', '0:0:0:0:0:0:0:1', NULL, NULL);
INSERT INTO `ums_admin_login_log` VALUES (272, 1, '2020-09-19 15:43:31', '192.168.3.185', NULL, NULL);
INSERT INTO `ums_admin_login_log` VALUES (273, 3, '2020-09-19 15:43:58', '192.168.3.185', NULL, NULL);
INSERT INTO `ums_admin_login_log` VALUES (274, 3, '2020-09-19 15:49:44', '192.168.3.185', NULL, NULL);
INSERT INTO `ums_admin_login_log` VALUES (275, 6, '2020-09-19 15:50:12', '192.168.3.185', NULL, NULL);
INSERT INTO `ums_admin_login_log` VALUES (276, 6, '2020-09-19 15:50:18', '192.168.3.185', NULL, NULL);
INSERT INTO `ums_admin_login_log` VALUES (277, 1, '2020-09-19 15:50:41', '192.168.3.185', NULL, NULL);
INSERT INTO `ums_admin_login_log` VALUES (278, 6, '2020-09-19 15:52:28', '192.168.3.185', NULL, NULL);
INSERT INTO `ums_admin_login_log` VALUES (279, 1, '2020-09-19 15:53:01', '192.168.3.185', NULL, NULL);
INSERT INTO `ums_admin_login_log` VALUES (280, 1, '2020-09-19 15:53:48', '192.168.3.185', NULL, NULL);
INSERT INTO `ums_admin_login_log` VALUES (281, 6, '2020-09-19 15:54:37', '192.168.3.185', NULL, NULL);
INSERT INTO `ums_admin_login_log` VALUES (282, 3, '2020-09-20 11:13:50', '192.168.3.185', NULL, NULL);
INSERT INTO `ums_admin_login_log` VALUES (283, 1, '2020-10-08 14:26:58', '0:0:0:0:0:0:0:1', NULL, NULL);
INSERT INTO `ums_admin_login_log` VALUES (284, 1, '2020-10-08 14:30:49', '192.168.3.185', NULL, NULL);
INSERT INTO `ums_admin_login_log` VALUES (285, 3, '2021-04-11 10:27:43', '192.168.3.227', NULL, NULL);
INSERT INTO `ums_admin_login_log` VALUES (286, 1, '2021-04-11 10:29:19', '192.168.3.227', NULL, NULL);
INSERT INTO `ums_admin_login_log` VALUES (287, 3, '2021-04-11 10:30:40', '192.168.3.227', NULL, NULL);
INSERT INTO `ums_admin_login_log` VALUES (288, 3, '2021-04-11 10:37:50', '192.168.3.227', NULL, NULL);
INSERT INTO `ums_admin_login_log` VALUES (289, 3, '2021-12-08 10:44:09', '192.168.3.4', NULL, NULL);
INSERT INTO `ums_admin_login_log` VALUES (290, 3, '2022-04-15 15:04:51', '192.168.56.1', NULL, NULL);
INSERT INTO `ums_admin_login_log` VALUES (291, 1, '2022-05-10 15:25:58', '192.168.56.1', NULL, NULL);
INSERT INTO `ums_admin_login_log` VALUES (292, 1, '2022-05-10 15:31:08', '192.168.56.1', NULL, NULL);
INSERT INTO `ums_admin_login_log` VALUES (293, 1, '2022-05-10 15:32:18', '192.168.56.1', NULL, NULL);
INSERT INTO `ums_admin_login_log` VALUES (294, 1, '2022-05-10 15:34:17', '192.168.56.1', NULL, NULL);
INSERT INTO `ums_admin_login_log` VALUES (295, 1, '2022-05-10 15:34:38', '192.168.56.1', NULL, NULL);
INSERT INTO `ums_admin_login_log` VALUES (296, 1, '2022-05-10 15:54:50', '192.168.56.1', NULL, NULL);
INSERT INTO `ums_admin_login_log` VALUES (297, 1, '2022-05-10 16:31:20', '192.168.56.1', NULL, NULL);
INSERT INTO `ums_admin_login_log` VALUES (298, 1, '2022-05-10 16:33:45', '192.168.56.1', NULL, NULL);
INSERT INTO `ums_admin_login_log` VALUES (299, 1, '2022-05-10 16:39:07', '192.168.56.1', NULL, NULL);
INSERT INTO `ums_admin_login_log` VALUES (300, 1, '2022-05-18 14:53:41', '192.168.56.1', NULL, NULL);
INSERT INTO `ums_admin_login_log` VALUES (301, 3, '2022-06-07 17:28:29', '192.168.56.1', NULL, NULL);
INSERT INTO `ums_admin_login_log` VALUES (302, 3, '2022-06-08 09:48:32', '192.168.56.1', NULL, NULL);
INSERT INTO `ums_admin_login_log` VALUES (303, 3, '2022-06-08 10:34:20', '192.168.56.1', NULL, NULL);
INSERT INTO `ums_admin_login_log` VALUES (304, 3, '2022-06-08 17:09:29', '192.168.56.1', NULL, NULL);
INSERT INTO `ums_admin_login_log` VALUES (305, 3, '2022-06-08 17:10:11', '192.168.56.1', NULL, NULL);
INSERT INTO `ums_admin_login_log` VALUES (306, 6, '2022-06-08 17:10:55', '192.168.56.1', NULL, NULL);
INSERT INTO `ums_admin_login_log` VALUES (307, 3, '2022-06-08 17:23:05', '192.168.56.1', NULL, NULL);
INSERT INTO `ums_admin_login_log` VALUES (308, 3, '2022-06-08 17:30:51', '192.168.56.1', NULL, NULL);
INSERT INTO `ums_admin_login_log` VALUES (309, 3, '2022-06-08 17:31:42', '192.168.56.1', NULL, NULL);
INSERT INTO `ums_admin_login_log` VALUES (310, 3, '2022-06-08 17:31:48', '192.168.56.1', NULL, NULL);
INSERT INTO `ums_admin_login_log` VALUES (311, 3, '2022-06-08 21:03:56', '192.168.56.1', NULL, NULL);
INSERT INTO `ums_admin_login_log` VALUES (312, 3, '2022-06-09 10:41:31', '192.168.56.1', NULL, NULL);
INSERT INTO `ums_admin_login_log` VALUES (313, 3, '2022-06-09 15:18:46', '192.168.56.1', NULL, NULL);
INSERT INTO `ums_admin_login_log` VALUES (314, 3, '2022-06-10 15:43:15', '192.168.56.1', NULL, NULL);
INSERT INTO `ums_admin_login_log` VALUES (315, 3, '2022-06-10 15:52:27', '192.168.56.1', NULL, NULL);
INSERT INTO `ums_admin_login_log` VALUES (316, 3, '2022-06-15 14:41:59', '192.168.56.1', NULL, NULL);
INSERT INTO `ums_admin_login_log` VALUES (317, 3, '2022-06-23 16:24:09', '192.168.3.6', NULL, NULL);
INSERT INTO `ums_admin_login_log` VALUES (318, 3, '2022-06-23 16:41:33', '192.168.3.6', NULL, NULL);
INSERT INTO `ums_admin_login_log` VALUES (319, 3, '2022-06-23 16:42:50', '192.168.3.6', NULL, NULL);
INSERT INTO `ums_admin_login_log` VALUES (320, 3, '2022-06-23 16:42:51', '192.168.3.6', NULL, NULL);
INSERT INTO `ums_admin_login_log` VALUES (321, 3, '2022-06-23 16:42:52', '192.168.3.6', NULL, NULL);
INSERT INTO `ums_admin_login_log` VALUES (322, 3, '2022-06-23 16:42:53', '192.168.3.6', NULL, NULL);
INSERT INTO `ums_admin_login_log` VALUES (323, 3, '2022-06-23 16:43:07', '192.168.3.6', NULL, NULL);
INSERT INTO `ums_admin_login_log` VALUES (324, 3, '2022-06-23 16:44:56', '192.168.3.6', NULL, NULL);
INSERT INTO `ums_admin_login_log` VALUES (325, 3, '2022-06-23 16:45:42', '192.168.3.6', NULL, NULL);
INSERT INTO `ums_admin_login_log` VALUES (326, 3, '2022-06-23 16:50:08', '192.168.3.6', NULL, NULL);
INSERT INTO `ums_admin_login_log` VALUES (327, 3, '2022-06-24 15:19:04', '192.168.3.227', NULL, NULL);
INSERT INTO `ums_admin_login_log` VALUES (328, 3, '2022-06-24 15:25:52', '192.168.3.227', NULL, NULL);
INSERT INTO `ums_admin_login_log` VALUES (329, 3, '2022-06-24 15:40:29', '192.168.3.227', NULL, NULL);
INSERT INTO `ums_admin_login_log` VALUES (330, 3, '2022-06-25 15:13:52', '192.168.56.1', NULL, NULL);
INSERT INTO `ums_admin_login_log` VALUES (331, 3, '2022-06-25 15:25:12', '192.168.56.1', NULL, NULL);
INSERT INTO `ums_admin_login_log` VALUES (332, 3, '2022-06-27 16:38:37', '192.168.56.1', NULL, NULL);
INSERT INTO `ums_admin_login_log` VALUES (333, 3, '2022-07-24 10:10:06', '192.168.3.227', NULL, NULL);
INSERT INTO `ums_admin_login_log` VALUES (334, 1, '2022-07-25 17:15:55', '192.168.56.1', NULL, NULL);
INSERT INTO `ums_admin_login_log` VALUES (335, 3, '2022-07-27 09:41:32', '192.168.3.227', NULL, NULL);
INSERT INTO `ums_admin_login_log` VALUES (336, 1, '2022-07-28 16:56:10', '192.168.56.1', NULL, NULL);
INSERT INTO `ums_admin_login_log` VALUES (337, 1, '2022-07-28 16:56:25', '192.168.56.1', NULL, NULL);
INSERT INTO `ums_admin_login_log` VALUES (338, 8, '2022-08-07 14:46:00', '192.168.56.1', NULL, NULL);
INSERT INTO `ums_admin_login_log` VALUES (339, 9, '2022-08-07 14:53:32', '192.168.56.1', NULL, NULL);
INSERT INTO `ums_admin_login_log` VALUES (340, 9, '2022-08-07 14:53:46', '192.168.56.1', NULL, NULL);
INSERT INTO `ums_admin_login_log` VALUES (341, 9, '2022-08-07 14:56:19', '192.168.56.1', NULL, NULL);
INSERT INTO `ums_admin_login_log` VALUES (342, 1, '2022-08-09 10:53:55', '192.168.56.1', NULL, NULL);
INSERT INTO `ums_admin_login_log` VALUES (343, 1, '2022-08-09 10:54:36', '192.168.56.1', NULL, NULL);
INSERT INTO `ums_admin_login_log` VALUES (344, 1, '2022-08-09 11:00:06', '192.168.56.1', NULL, NULL);
INSERT INTO `ums_admin_login_log` VALUES (345, 1, '2022-08-09 11:02:04', '192.168.56.1', NULL, NULL);
INSERT INTO `ums_admin_login_log` VALUES (346, 1, '2022-08-09 15:48:14', '192.168.56.1', NULL, NULL);
INSERT INTO `ums_admin_login_log` VALUES (347, 1, '2022-08-16 16:35:24', '192.168.56.1', NULL, NULL);
INSERT INTO `ums_admin_login_log` VALUES (348, 1, '2022-08-17 15:03:52', '192.168.56.1', NULL, NULL);
INSERT INTO `ums_admin_login_log` VALUES (349, 1, '2022-08-20 16:49:19', '192.168.56.1', NULL, NULL);
INSERT INTO `ums_admin_login_log` VALUES (350, 1, '2022-08-23 14:54:06', '192.168.56.1', NULL, NULL);
INSERT INTO `ums_admin_login_log` VALUES (351, 1, '2022-08-31 17:16:35', '192.168.56.1', NULL, NULL);
INSERT INTO `ums_admin_login_log` VALUES (352, 3, '2022-10-14 15:31:42', '192.168.56.1', NULL, NULL);
INSERT INTO `ums_admin_login_log` VALUES (353, 3, '2022-10-14 15:42:39', '192.168.56.1', NULL, NULL);
INSERT INTO `ums_admin_login_log` VALUES (354, 3, '2022-10-14 15:44:08', '192.168.56.1', NULL, NULL);
INSERT INTO `ums_admin_login_log` VALUES (355, 3, '2022-10-14 15:46:23', '192.168.56.1', NULL, NULL);
INSERT INTO `ums_admin_login_log` VALUES (356, 3, '2022-10-14 15:46:35', '192.168.56.1', NULL, NULL);
INSERT INTO `ums_admin_login_log` VALUES (357, 3, '2022-10-14 16:06:11', '192.168.56.1', NULL, NULL);
INSERT INTO `ums_admin_login_log` VALUES (358, 3, '2022-10-14 16:24:08', '192.168.56.1', NULL, NULL);
INSERT INTO `ums_admin_login_log` VALUES (359, 3, '2022-10-17 16:44:52', '192.168.56.1', NULL, NULL);
INSERT INTO `ums_admin_login_log` VALUES (360, 3, '2022-10-17 16:49:42', '192.168.56.1', NULL, NULL);
INSERT INTO `ums_admin_login_log` VALUES (361, 3, '2022-10-17 16:49:53', '192.168.56.1', NULL, NULL);
INSERT INTO `ums_admin_login_log` VALUES (362, 3, '2022-10-17 17:03:10', '192.168.56.1', NULL, NULL);
INSERT INTO `ums_admin_login_log` VALUES (363, 3, '2022-10-17 17:03:22', '192.168.56.1', NULL, NULL);
INSERT INTO `ums_admin_login_log` VALUES (364, 3, '2022-10-17 21:00:48', '192.168.56.1', NULL, NULL);
INSERT INTO `ums_admin_login_log` VALUES (365, 3, '2022-10-24 16:32:31', '192.168.56.1', NULL, NULL);
INSERT INTO `ums_admin_login_log` VALUES (366, 3, '2022-10-26 16:31:17', '192.168.56.1', NULL, NULL);
INSERT INTO `ums_admin_login_log` VALUES (367, 3, '2022-10-26 16:50:48', '192.168.56.1', NULL, NULL);
INSERT INTO `ums_admin_login_log` VALUES (368, 3, '2022-10-26 16:52:28', '192.168.56.1', NULL, NULL);
INSERT INTO `ums_admin_login_log` VALUES (369, 3, '2022-10-27 17:21:28', '192.168.56.1', NULL, NULL);
INSERT INTO `ums_admin_login_log` VALUES (370, 3, '2022-10-28 10:52:22', '192.168.56.1', NULL, NULL);
INSERT INTO `ums_admin_login_log` VALUES (371, 3, '2022-11-04 16:09:08', '192.168.56.1', NULL, NULL);
INSERT INTO `ums_admin_login_log` VALUES (372, 3, '2022-11-08 10:27:27', '192.168.56.1', NULL, NULL);
INSERT INTO `ums_admin_login_log` VALUES (373, 3, '2022-11-09 10:42:30', '192.168.56.1', NULL, NULL);
INSERT INTO `ums_admin_login_log` VALUES (374, 3, '2022-11-10 15:03:08', '192.168.56.1', NULL, NULL);
INSERT INTO `ums_admin_login_log` VALUES (375, 3, '2022-11-11 10:11:11', '192.168.56.1', NULL, NULL);
INSERT INTO `ums_admin_login_log` VALUES (376, 3, '2022-11-14 16:33:30', '192.168.56.1', NULL, NULL);
INSERT INTO `ums_admin_login_log` VALUES (377, 3, '2022-11-15 10:54:02', '192.168.56.1', NULL, NULL);
INSERT INTO `ums_admin_login_log` VALUES (378, 3, '2022-11-15 15:16:35', '192.168.56.1', NULL, NULL);
INSERT INTO `ums_admin_login_log` VALUES (379, 3, '2022-11-15 15:17:41', '192.168.56.1', NULL, NULL);
INSERT INTO `ums_admin_login_log` VALUES (380, 3, '2022-11-15 15:17:47', '192.168.56.1', NULL, NULL);
INSERT INTO `ums_admin_login_log` VALUES (381, 1, '2022-11-15 15:19:56', '192.168.56.1', NULL, NULL);
INSERT INTO `ums_admin_login_log` VALUES (382, 3, '2022-11-15 15:20:12', '192.168.56.1', NULL, NULL);
INSERT INTO `ums_admin_login_log` VALUES (383, 3, '2022-11-15 15:22:22', '192.168.56.1', NULL, NULL);
INSERT INTO `ums_admin_login_log` VALUES (384, 3, '2022-11-16 10:39:08', '192.168.56.1', NULL, NULL);
INSERT INTO `ums_admin_login_log` VALUES (385, 1, '2022-11-24 20:02:12', '192.168.56.1', NULL, NULL);
INSERT INTO `ums_admin_login_log` VALUES (386, 3, '2022-11-28 15:24:02', '192.168.56.1', NULL, NULL);
INSERT INTO `ums_admin_login_log` VALUES (387, 3, '2022-11-30 09:34:28', '192.168.56.1', NULL, NULL);
INSERT INTO `ums_admin_login_log` VALUES (388, 3, '2022-12-05 09:43:58', '192.168.56.1', NULL, NULL);
INSERT INTO `ums_admin_login_log` VALUES (389, 3, '2022-12-09 17:18:09', '192.168.56.1', NULL, NULL);
INSERT INTO `ums_admin_login_log` VALUES (390, 3, '2022-12-15 14:53:39', '192.168.56.1', NULL, NULL);
INSERT INTO `ums_admin_login_log` VALUES (391, 3, '2022-12-15 16:11:54', '192.168.56.1', NULL, NULL);
INSERT INTO `ums_admin_login_log` VALUES (392, 3, '2022-12-20 15:55:18', '192.168.56.1', NULL, NULL);
INSERT INTO `ums_admin_login_log` VALUES (393, 3, '2022-12-21 14:49:30', '192.168.56.1', NULL, NULL);
INSERT INTO `ums_admin_login_log` VALUES (394, 3, '2022-12-23 09:49:50', '192.168.56.1', NULL, NULL);
INSERT INTO `ums_admin_login_log` VALUES (395, 3, '2023-01-04 10:17:44', '192.168.56.1', NULL, NULL);
INSERT INTO `ums_admin_login_log` VALUES (396, 3, '2023-01-04 15:28:47', '192.168.56.1', NULL, NULL);
INSERT INTO `ums_admin_login_log` VALUES (397, 3, '2023-01-05 10:13:43', '192.168.56.1', NULL, NULL);
INSERT INTO `ums_admin_login_log` VALUES (398, 3, '2023-01-06 09:49:23', '192.168.56.1', NULL, NULL);
INSERT INTO `ums_admin_login_log` VALUES (399, 3, '2023-01-06 10:04:19', '192.168.56.1', NULL, NULL);
INSERT INTO `ums_admin_login_log` VALUES (400, 3, '2023-01-06 10:07:06', '192.168.56.1', NULL, NULL);
INSERT INTO `ums_admin_login_log` VALUES (401, 3, '2023-01-06 16:21:31', '192.168.56.1', NULL, NULL);
INSERT INTO `ums_admin_login_log` VALUES (402, 3, '2023-01-09 16:50:30', '192.168.56.1', NULL, NULL);
INSERT INTO `ums_admin_login_log` VALUES (403, 3, '2023-01-10 10:05:52', '192.168.56.1', NULL, NULL);
INSERT INTO `ums_admin_login_log` VALUES (404, 3, '2023-01-10 17:09:44', '192.168.56.1', NULL, NULL);
INSERT INTO `ums_admin_login_log` VALUES (405, 3, '2023-01-11 10:17:17', '192.168.56.1', NULL, NULL);
INSERT INTO `ums_admin_login_log` VALUES (406, 3, '2023-01-13 09:35:37', '192.168.56.1', NULL, NULL);
INSERT INTO `ums_admin_login_log` VALUES (407, 3, '2023-01-13 09:40:51', '192.168.56.1', NULL, NULL);
INSERT INTO `ums_admin_login_log` VALUES (408, 3, '2023-01-31 10:46:52', '192.168.56.1', NULL, NULL);
INSERT INTO `ums_admin_login_log` VALUES (409, 3, '2023-02-08 17:11:11', '192.168.56.1', NULL, NULL);
INSERT INTO `ums_admin_login_log` VALUES (410, 3, '2023-02-09 15:46:41', '192.168.56.1', NULL, NULL);
INSERT INTO `ums_admin_login_log` VALUES (411, 3, '2023-02-10 17:23:52', '192.168.56.1', NULL, NULL);

-- ----------------------------
-- Table structure for ums_admin_permission_relation
-- ----------------------------
DROP TABLE IF EXISTS `ums_admin_permission_relation`;
CREATE TABLE `ums_admin_permission_relation`  (
  `id` bigint(20) NOT NULL AUTO_INCREMENT,
  `admin_id` bigint(20) NULL DEFAULT NULL,
  `permission_id` bigint(20) NULL DEFAULT NULL,
  `type` int(1) NULL DEFAULT NULL,
  PRIMARY KEY (`id`) USING BTREE
) ENGINE = InnoDB AUTO_INCREMENT = 1 CHARACTER SET = utf8 COLLATE = utf8_general_ci COMMENT = '后台用户和权限关系表(除角色中定义的权限以外的加减权限)' ROW_FORMAT = Dynamic;

-- ----------------------------
-- Records of ums_admin_permission_relation
-- ----------------------------

-- ----------------------------
-- Table structure for ums_admin_role_relation
-- ----------------------------
DROP TABLE IF EXISTS `ums_admin_role_relation`;
CREATE TABLE `ums_admin_role_relation`  (
  `id` bigint(20) NOT NULL AUTO_INCREMENT,
  `admin_id` bigint(20) NULL DEFAULT NULL,
  `role_id` bigint(20) NULL DEFAULT NULL,
  PRIMARY KEY (`id`) USING BTREE
) ENGINE = InnoDB AUTO_INCREMENT = 32 CHARACTER SET = utf8 COLLATE = utf8_general_ci COMMENT = '后台用户和角色关系表' ROW_FORMAT = Dynamic;

-- ----------------------------
-- Records of ums_admin_role_relation
-- ----------------------------
INSERT INTO `ums_admin_role_relation` VALUES (26, 3, 5);
INSERT INTO `ums_admin_role_relation` VALUES (27, 6, 1);
INSERT INTO `ums_admin_role_relation` VALUES (28, 7, 2);
INSERT INTO `ums_admin_role_relation` VALUES (29, 1, 5);
INSERT INTO `ums_admin_role_relation` VALUES (30, 4, 5);
INSERT INTO `ums_admin_role_relation` VALUES (31, 8, 1);

-- ----------------------------
-- Table structure for ums_growth_change_history
-- ----------------------------
DROP TABLE IF EXISTS `ums_growth_change_history`;
CREATE TABLE `ums_growth_change_history`  (
  `id` bigint(20) NOT NULL AUTO_INCREMENT,
  `member_id` bigint(20) NULL DEFAULT NULL,
  `create_time` datetime NULL DEFAULT NULL,
  `change_type` int(1) NULL DEFAULT NULL COMMENT '改变类型：0->增加；1->减少',
  `change_count` int(11) NULL DEFAULT NULL COMMENT '积分改变数量',
  `operate_man` varchar(100) CHARACTER SET utf8 COLLATE utf8_general_ci NULL DEFAULT NULL COMMENT '操作人员',
  `operate_note` varchar(200) CHARACTER SET utf8 COLLATE utf8_general_ci NULL DEFAULT NULL COMMENT '操作备注',
  `source_type` int(1) NULL DEFAULT NULL COMMENT '积分来源：0->购物；1->管理员修改',
  PRIMARY KEY (`id`) USING BTREE
) ENGINE = InnoDB AUTO_INCREMENT = 2 CHARACTER SET = utf8 COLLATE = utf8_general_ci COMMENT = '成长值变化历史记录表' ROW_FORMAT = Dynamic;

-- ----------------------------
-- Records of ums_growth_change_history
-- ----------------------------
INSERT INTO `ums_growth_change_history` VALUES (1, 1, '2018-08-29 17:16:35', 0, 1000, 'test', '测试使用', 1);

-- ----------------------------
-- Table structure for ums_integration_change_history
-- ----------------------------
DROP TABLE IF EXISTS `ums_integration_change_history`;
CREATE TABLE `ums_integration_change_history`  (
  `id` bigint(20) NOT NULL AUTO_INCREMENT,
  `member_id` bigint(20) NULL DEFAULT NULL,
  `create_time` datetime NULL DEFAULT NULL,
  `change_type` int(1) NULL DEFAULT NULL COMMENT '改变类型：0->增加；1->减少',
  `change_count` int(11) NULL DEFAULT NULL COMMENT '积分改变数量',
  `operate_man` varchar(100) CHARACTER SET utf8 COLLATE utf8_general_ci NULL DEFAULT NULL COMMENT '操作人员',
  `operate_note` varchar(200) CHARACTER SET utf8 COLLATE utf8_general_ci NULL DEFAULT NULL COMMENT '操作备注',
  `source_type` int(1) NULL DEFAULT NULL COMMENT '积分来源：0->购物；1->管理员修改',
  PRIMARY KEY (`id`) USING BTREE
) ENGINE = InnoDB AUTO_INCREMENT = 1 CHARACTER SET = utf8 COLLATE = utf8_general_ci COMMENT = '积分变化历史记录表' ROW_FORMAT = Dynamic;

-- ----------------------------
-- Records of ums_integration_change_history
-- ----------------------------

-- ----------------------------
-- Table structure for ums_integration_consume_setting
-- ----------------------------
DROP TABLE IF EXISTS `ums_integration_consume_setting`;
CREATE TABLE `ums_integration_consume_setting`  (
  `id` bigint(20) NOT NULL AUTO_INCREMENT,
  `deduction_per_amount` int(11) NULL DEFAULT NULL COMMENT '每一元需要抵扣的积分数量',
  `max_percent_per_order` int(11) NULL DEFAULT NULL COMMENT '每笔订单最高抵用百分比',
  `use_unit` int(11) NULL DEFAULT NULL COMMENT '每次使用积分最小单位100',
  `coupon_status` int(1) NULL DEFAULT NULL COMMENT '是否可以和优惠券同用；0->不可以；1->可以',
  PRIMARY KEY (`id`) USING BTREE
) ENGINE = InnoDB AUTO_INCREMENT = 2 CHARACTER SET = utf8 COLLATE = utf8_general_ci COMMENT = '积分消费设置' ROW_FORMAT = Dynamic;

-- ----------------------------
-- Records of ums_integration_consume_setting
-- ----------------------------
INSERT INTO `ums_integration_consume_setting` VALUES (1, 100, 50, 100, 1);

-- ----------------------------
-- Table structure for ums_member
-- ----------------------------
DROP TABLE IF EXISTS `ums_member`;
CREATE TABLE `ums_member`  (
  `id` bigint(20) NOT NULL AUTO_INCREMENT,
  `member_level_id` bigint(20) NULL DEFAULT NULL,
  `username` varchar(64) CHARACTER SET utf8 COLLATE utf8_general_ci NULL DEFAULT NULL COMMENT '用户名',
  `password` varchar(64) CHARACTER SET utf8 COLLATE utf8_general_ci NULL DEFAULT NULL COMMENT '密码',
  `nickname` varchar(64) CHARACTER SET utf8 COLLATE utf8_general_ci NULL DEFAULT NULL COMMENT '昵称',
  `phone` varchar(64) CHARACTER SET utf8 COLLATE utf8_general_ci NULL DEFAULT NULL COMMENT '手机号码',
  `status` int(1) NULL DEFAULT NULL COMMENT '帐号启用状态:0->禁用；1->启用',
  `create_time` datetime NULL DEFAULT NULL COMMENT '注册时间',
  `icon` varchar(500) CHARACTER SET utf8 COLLATE utf8_general_ci NULL DEFAULT NULL COMMENT '头像',
  `gender` int(1) NULL DEFAULT NULL COMMENT '性别：0->未知；1->男；2->女',
  `birthday` date NULL DEFAULT NULL COMMENT '生日',
  `city` varchar(64) CHARACTER SET utf8 COLLATE utf8_general_ci NULL DEFAULT NULL COMMENT '所做城市',
  `job` varchar(100) CHARACTER SET utf8 COLLATE utf8_general_ci NULL DEFAULT NULL COMMENT '职业',
  `personalized_signature` varchar(200) CHARACTER SET utf8 COLLATE utf8_general_ci NULL DEFAULT NULL COMMENT '个性签名',
  `source_type` int(1) NULL DEFAULT NULL COMMENT '用户来源',
  `integration` int(11) NULL DEFAULT NULL COMMENT '积分',
  `growth` int(11) NULL DEFAULT NULL COMMENT '成长值',
  `luckey_count` int(11) NULL DEFAULT NULL COMMENT '剩余抽奖次数',
  `history_integration` int(11) NULL DEFAULT NULL COMMENT '历史积分数量',
  PRIMARY KEY (`id`) USING BTREE,
  UNIQUE INDEX `idx_username`(`username`) USING BTREE,
  UNIQUE INDEX `idx_phone`(`phone`) USING BTREE
) ENGINE = InnoDB AUTO_INCREMENT = 11 CHARACTER SET = utf8 COLLATE = utf8_general_ci COMMENT = '会员表' ROW_FORMAT = Dynamic;

-- ----------------------------
-- Records of ums_member
-- ----------------------------
INSERT INTO `ums_member` VALUES (1, 4, 'test', '$2a$10$NZ5o7r2E.ayT2ZoxgjlI.eJ6OEYqjH7INR/F.mXDbjZJi9HF0YCVG', 'test', '18061581849', 1, '2018-08-02 10:35:44', 'https://macro-oss.oss-cn-shenzhen.aliyuncs.com/mall/icon/github_icon_03.png', 1, '2009-06-01', '上海', '学生', 'test', NULL, 3900, 1000, NULL, NULL);
INSERT INTO `ums_member` VALUES (3, 4, 'windy', '$2a$10$NZ5o7r2E.ayT2ZoxgjlI.eJ6OEYqjH7INR/F.mXDbjZJi9HF0YCVG', 'windy', '18061581848', 1, '2018-08-03 16:46:38', NULL, NULL, NULL, NULL, NULL, NULL, NULL, NULL, NULL, NULL, NULL);
INSERT INTO `ums_member` VALUES (4, 4, 'zhengsan', '$2a$10$NZ5o7r2E.ayT2ZoxgjlI.eJ6OEYqjH7INR/F.mXDbjZJi9HF0YCVG', 'zhengsan', '18061581847', 1, '2018-11-12 14:12:04', NULL, NULL, NULL, NULL, NULL, NULL, NULL, NULL, NULL, NULL, NULL);
INSERT INTO `ums_member` VALUES (5, 4, 'lisi', '$2a$10$NZ5o7r2E.ayT2ZoxgjlI.eJ6OEYqjH7INR/F.mXDbjZJi9HF0YCVG', 'lisi', '18061581841', 1, '2018-11-12 14:12:38', NULL, NULL, NULL, NULL, NULL, NULL, NULL, NULL, NULL, NULL, NULL);
INSERT INTO `ums_member` VALUES (6, 4, 'wangwu', '$2a$10$NZ5o7r2E.ayT2ZoxgjlI.eJ6OEYqjH7INR/F.mXDbjZJi9HF0YCVG', 'wangwu', '18061581842', 1, '2018-11-12 14:13:09', NULL, NULL, NULL, NULL, NULL, NULL, NULL, NULL, NULL, NULL, NULL);
INSERT INTO `ums_member` VALUES (7, 4, 'lion', '$2a$10$NZ5o7r2E.ayT2ZoxgjlI.eJ6OEYqjH7INR/F.mXDbjZJi9HF0YCVG', 'lion', '18061581845', 1, '2018-11-12 14:21:39', NULL, NULL, NULL, NULL, NULL, NULL, NULL, NULL, NULL, NULL, NULL);
INSERT INTO `ums_member` VALUES (8, 4, 'shari', '$2a$10$NZ5o7r2E.ayT2ZoxgjlI.eJ6OEYqjH7INR/F.mXDbjZJi9HF0YCVG', 'shari', '18061581844', 1, '2018-11-12 14:22:00', NULL, NULL, NULL, NULL, NULL, NULL, NULL, NULL, NULL, NULL, NULL);
INSERT INTO `ums_member` VALUES (9, 4, 'aewen', '$2a$10$NZ5o7r2E.ayT2ZoxgjlI.eJ6OEYqjH7INR/F.mXDbjZJi9HF0YCVG', 'aewen', '18061581843', 1, '2018-11-12 14:22:55', NULL, NULL, NULL, NULL, NULL, NULL, NULL, NULL, NULL, NULL, NULL);
INSERT INTO `ums_member` VALUES (10, 4, 'guest', '$2a$10$WQiD4RzEs1iJVWU.2HVu8OdSlExJHWKmwndaw3SUfMyqfKZmXe1vq', NULL, '18911111111', 1, '2020-03-14 14:52:18', NULL, NULL, NULL, NULL, NULL, NULL, NULL, NULL, NULL, NULL, NULL);

-- ----------------------------
-- Table structure for ums_member_level
-- ----------------------------
DROP TABLE IF EXISTS `ums_member_level`;
CREATE TABLE `ums_member_level`  (
  `id` bigint(20) NOT NULL AUTO_INCREMENT,
  `name` varchar(100) CHARACTER SET utf8 COLLATE utf8_general_ci NULL DEFAULT NULL,
  `growth_point` int(11) NULL DEFAULT NULL,
  `default_status` int(1) NULL DEFAULT NULL COMMENT '是否为默认等级：0->不是；1->是',
  `free_freight_point` decimal(10, 2) NULL DEFAULT NULL COMMENT '免运费标准',
  `comment_growth_point` int(11) NULL DEFAULT NULL COMMENT '每次评价获取的成长值',
  `priviledge_free_freight` int(1) NULL DEFAULT NULL COMMENT '是否有免邮特权',
  `priviledge_sign_in` int(1) NULL DEFAULT NULL COMMENT '是否有签到特权',
  `priviledge_comment` int(1) NULL DEFAULT NULL COMMENT '是否有评论获奖励特权',
  `priviledge_promotion` int(1) NULL DEFAULT NULL COMMENT '是否有专享活动特权',
  `priviledge_member_price` int(1) NULL DEFAULT NULL COMMENT '是否有会员价格特权',
  `priviledge_birthday` int(1) NULL DEFAULT NULL COMMENT '是否有生日特权',
  `note` varchar(200) CHARACTER SET utf8 COLLATE utf8_general_ci NULL DEFAULT NULL,
  PRIMARY KEY (`id`) USING BTREE
) ENGINE = InnoDB AUTO_INCREMENT = 5 CHARACTER SET = utf8 COLLATE = utf8_general_ci COMMENT = '会员等级表' ROW_FORMAT = Dynamic;

-- ----------------------------
-- Records of ums_member_level
-- ----------------------------
INSERT INTO `ums_member_level` VALUES (1, '黄金会员', 1000, 0, 199.00, 5, 1, 1, 1, 1, 1, 1, NULL);
INSERT INTO `ums_member_level` VALUES (2, '白金会员', 5000, 0, 99.00, 10, 1, 1, 1, 1, 1, 1, NULL);
INSERT INTO `ums_member_level` VALUES (3, '钻石会员', 15000, 0, 69.00, 15, 1, 1, 1, 1, 1, 1, NULL);
INSERT INTO `ums_member_level` VALUES (4, '普通会员', 1, 1, 199.00, 20, 1, 1, 1, 1, 0, 0, NULL);

-- ----------------------------
-- Table structure for ums_member_login_log
-- ----------------------------
DROP TABLE IF EXISTS `ums_member_login_log`;
CREATE TABLE `ums_member_login_log`  (
  `id` bigint(20) NOT NULL AUTO_INCREMENT,
  `member_id` bigint(20) NULL DEFAULT NULL,
  `create_time` datetime NULL DEFAULT NULL,
  `ip` varchar(64) CHARACTER SET utf8 COLLATE utf8_general_ci NULL DEFAULT NULL,
  `city` varchar(64) CHARACTER SET utf8 COLLATE utf8_general_ci NULL DEFAULT NULL,
  `login_type` int(1) NULL DEFAULT NULL COMMENT '登录类型：0->PC；1->android;2->ios;3->小程序',
  `province` varchar(64) CHARACTER SET utf8 COLLATE utf8_general_ci NULL DEFAULT NULL,
  PRIMARY KEY (`id`) USING BTREE
) ENGINE = InnoDB AUTO_INCREMENT = 1 CHARACTER SET = utf8 COLLATE = utf8_general_ci COMMENT = '会员登录记录' ROW_FORMAT = Dynamic;

-- ----------------------------
-- Records of ums_member_login_log
-- ----------------------------

-- ----------------------------
-- Table structure for ums_member_member_tag_relation
-- ----------------------------
DROP TABLE IF EXISTS `ums_member_member_tag_relation`;
CREATE TABLE `ums_member_member_tag_relation`  (
  `id` bigint(20) NOT NULL AUTO_INCREMENT,
  `member_id` bigint(20) NULL DEFAULT NULL,
  `tag_id` bigint(20) NULL DEFAULT NULL,
  PRIMARY KEY (`id`) USING BTREE
) ENGINE = InnoDB AUTO_INCREMENT = 1 CHARACTER SET = utf8 COLLATE = utf8_general_ci COMMENT = '用户和标签关系表' ROW_FORMAT = Dynamic;

-- ----------------------------
-- Records of ums_member_member_tag_relation
-- ----------------------------

-- ----------------------------
-- Table structure for ums_member_product_category_relation
-- ----------------------------
DROP TABLE IF EXISTS `ums_member_product_category_relation`;
CREATE TABLE `ums_member_product_category_relation`  (
  `id` bigint(20) NOT NULL AUTO_INCREMENT,
  `member_id` bigint(20) NULL DEFAULT NULL,
  `product_category_id` bigint(20) NULL DEFAULT NULL,
  PRIMARY KEY (`id`) USING BTREE
) ENGINE = InnoDB AUTO_INCREMENT = 1 CHARACTER SET = utf8 COLLATE = utf8_general_ci COMMENT = '会员与产品分类关系表（用户喜欢的分类）' ROW_FORMAT = Dynamic;

-- ----------------------------
-- Records of ums_member_product_category_relation
-- ----------------------------

-- ----------------------------
-- Table structure for ums_member_receive_address
-- ----------------------------
DROP TABLE IF EXISTS `ums_member_receive_address`;
CREATE TABLE `ums_member_receive_address`  (
  `id` bigint(20) NOT NULL AUTO_INCREMENT,
  `member_id` bigint(20) NULL DEFAULT NULL,
  `name` varchar(100) CHARACTER SET utf8 COLLATE utf8_general_ci NULL DEFAULT NULL COMMENT '收货人名称',
  `phone_number` varchar(64) CHARACTER SET utf8 COLLATE utf8_general_ci NULL DEFAULT NULL,
  `default_status` int(1) NULL DEFAULT NULL COMMENT '是否为默认',
  `post_code` varchar(100) CHARACTER SET utf8 COLLATE utf8_general_ci NULL DEFAULT NULL COMMENT '邮政编码',
  `province` varchar(100) CHARACTER SET utf8 COLLATE utf8_general_ci NULL DEFAULT NULL COMMENT '省份/直辖市',
  `city` varchar(100) CHARACTER SET utf8 COLLATE utf8_general_ci NULL DEFAULT NULL COMMENT '城市',
  `region` varchar(100) CHARACTER SET utf8 COLLATE utf8_general_ci NULL DEFAULT NULL COMMENT '区',
  `detail_address` varchar(128) CHARACTER SET utf8 COLLATE utf8_general_ci NULL DEFAULT NULL COMMENT '详细地址(街道)',
  PRIMARY KEY (`id`) USING BTREE
) ENGINE = InnoDB AUTO_INCREMENT = 5 CHARACTER SET = utf8 COLLATE = utf8_general_ci COMMENT = '会员收货地址表' ROW_FORMAT = Dynamic;

-- ----------------------------
-- Records of ums_member_receive_address
-- ----------------------------
INSERT INTO `ums_member_receive_address` VALUES (1, 1, '大梨', '18033441849', 0, '518000', '广东省', '深圳市', '南山区', '科兴科学园');
INSERT INTO `ums_member_receive_address` VALUES (3, 1, '大梨', '18033441849', 0, '518000', '广东省', '深圳市', '福田区', '清水河街道');
INSERT INTO `ums_member_receive_address` VALUES (4, 1, '大梨', '18033441849', 1, '518000', '广东省', '深圳市', '福田区', '东晓街道');

-- ----------------------------
-- Table structure for ums_member_rule_setting
-- ----------------------------
DROP TABLE IF EXISTS `ums_member_rule_setting`;
CREATE TABLE `ums_member_rule_setting`  (
  `id` bigint(20) NOT NULL AUTO_INCREMENT,
  `continue_sign_day` int(11) NULL DEFAULT NULL COMMENT '连续签到天数',
  `continue_sign_point` int(11) NULL DEFAULT NULL COMMENT '连续签到赠送数量',
  `consume_per_point` decimal(10, 2) NULL DEFAULT NULL COMMENT '每消费多少元获取1个点',
  `low_order_amount` decimal(10, 2) NULL DEFAULT NULL COMMENT '最低获取点数的订单金额',
  `max_point_per_order` int(11) NULL DEFAULT NULL COMMENT '每笔订单最高获取点数',
  `type` int(1) NULL DEFAULT NULL COMMENT '类型：0->积分规则；1->成长值规则',
  PRIMARY KEY (`id`) USING BTREE
) ENGINE = InnoDB AUTO_INCREMENT = 1 CHARACTER SET = utf8 COLLATE = utf8_general_ci COMMENT = '会员积分成长规则表' ROW_FORMAT = Dynamic;

-- ----------------------------
-- Records of ums_member_rule_setting
-- ----------------------------

-- ----------------------------
-- Table structure for ums_member_statistics_info
-- ----------------------------
DROP TABLE IF EXISTS `ums_member_statistics_info`;
CREATE TABLE `ums_member_statistics_info`  (
  `id` bigint(20) NOT NULL AUTO_INCREMENT,
  `member_id` bigint(20) NULL DEFAULT NULL,
  `consume_amount` decimal(10, 2) NULL DEFAULT NULL COMMENT '累计消费金额',
  `order_count` int(11) NULL DEFAULT NULL COMMENT '订单数量',
  `coupon_count` int(11) NULL DEFAULT NULL COMMENT '优惠券数量',
  `comment_count` int(11) NULL DEFAULT NULL COMMENT '评价数',
  `return_order_count` int(11) NULL DEFAULT NULL COMMENT '退货数量',
  `login_count` int(11) NULL DEFAULT NULL COMMENT '登录次数',
  `attend_count` int(11) NULL DEFAULT NULL COMMENT '关注数量',
  `fans_count` int(11) NULL DEFAULT NULL COMMENT '粉丝数量',
  `collect_product_count` int(11) NULL DEFAULT NULL,
  `collect_subject_count` int(11) NULL DEFAULT NULL,
  `collect_topic_count` int(11) NULL DEFAULT NULL,
  `collect_comment_count` int(11) NULL DEFAULT NULL,
  `invite_friend_count` int(11) NULL DEFAULT NULL,
  `recent_order_time` datetime NULL DEFAULT NULL COMMENT '最后一次下订单时间',
  PRIMARY KEY (`id`) USING BTREE
) ENGINE = InnoDB AUTO_INCREMENT = 1 CHARACTER SET = utf8 COLLATE = utf8_general_ci COMMENT = '会员统计信息' ROW_FORMAT = Dynamic;

-- ----------------------------
-- Records of ums_member_statistics_info
-- ----------------------------

-- ----------------------------
-- Table structure for ums_member_tag
-- ----------------------------
DROP TABLE IF EXISTS `ums_member_tag`;
CREATE TABLE `ums_member_tag`  (
  `id` bigint(20) NOT NULL AUTO_INCREMENT,
  `name` varchar(100) CHARACTER SET utf8 COLLATE utf8_general_ci NULL DEFAULT NULL,
  `finish_order_count` int(11) NULL DEFAULT NULL COMMENT '自动打标签完成订单数量',
  `finish_order_amount` decimal(10, 2) NULL DEFAULT NULL COMMENT '自动打标签完成订单金额',
  PRIMARY KEY (`id`) USING BTREE
) ENGINE = InnoDB AUTO_INCREMENT = 1 CHARACTER SET = utf8 COLLATE = utf8_general_ci COMMENT = '用户标签表' ROW_FORMAT = Dynamic;

-- ----------------------------
-- Records of ums_member_tag
-- ----------------------------

-- ----------------------------
-- Table structure for ums_member_task
-- ----------------------------
DROP TABLE IF EXISTS `ums_member_task`;
CREATE TABLE `ums_member_task`  (
  `id` bigint(20) NOT NULL AUTO_INCREMENT,
  `name` varchar(100) CHARACTER SET utf8 COLLATE utf8_general_ci NULL DEFAULT NULL,
  `growth` int(11) NULL DEFAULT NULL COMMENT '赠送成长值',
  `intergration` int(11) NULL DEFAULT NULL COMMENT '赠送积分',
  `type` int(1) NULL DEFAULT NULL COMMENT '任务类型：0->新手任务；1->日常任务',
  PRIMARY KEY (`id`) USING BTREE
) ENGINE = InnoDB AUTO_INCREMENT = 1 CHARACTER SET = utf8 COLLATE = utf8_general_ci COMMENT = '会员任务表' ROW_FORMAT = Dynamic;

-- ----------------------------
-- Records of ums_member_task
-- ----------------------------

-- ----------------------------
-- Table structure for ums_menu
-- ----------------------------
DROP TABLE IF EXISTS `ums_menu`;
CREATE TABLE `ums_menu`  (
  `id` bigint(20) NOT NULL AUTO_INCREMENT,
  `parent_id` bigint(20) NULL DEFAULT NULL COMMENT '父级ID',
  `create_time` datetime NULL DEFAULT NULL COMMENT '创建时间',
  `title` varchar(100) CHARACTER SET utf8 COLLATE utf8_general_ci NULL DEFAULT NULL COMMENT '菜单名称',
  `level` int(4) NULL DEFAULT NULL COMMENT '菜单级数',
  `sort` int(4) NULL DEFAULT NULL COMMENT '菜单排序',
  `name` varchar(100) CHARACTER SET utf8 COLLATE utf8_general_ci NULL DEFAULT NULL COMMENT '前端名称',
  `icon` varchar(200) CHARACTER SET utf8 COLLATE utf8_general_ci NULL DEFAULT NULL COMMENT '前端图标',
  `hidden` int(1) NULL DEFAULT NULL COMMENT '前端隐藏',
  PRIMARY KEY (`id`) USING BTREE
) ENGINE = InnoDB AUTO_INCREMENT = 26 CHARACTER SET = utf8 COLLATE = utf8_general_ci COMMENT = '后台菜单表' ROW_FORMAT = Dynamic;

-- ----------------------------
-- Records of ums_menu
-- ----------------------------
INSERT INTO `ums_menu` VALUES (1, 0, '2020-02-02 14:50:36', '商品', 0, 0, 'pms', 'product', 0);
INSERT INTO `ums_menu` VALUES (2, 1, '2020-02-02 14:51:50', '商品列表', 1, 0, 'product', 'product-list', 0);
INSERT INTO `ums_menu` VALUES (3, 1, '2020-02-02 14:52:44', '添加商品', 1, 0, 'addProduct', 'product-add', 0);
INSERT INTO `ums_menu` VALUES (4, 1, '2020-02-02 14:53:51', '商品分类', 1, 0, 'productCate', 'product-cate', 0);
INSERT INTO `ums_menu` VALUES (5, 1, '2020-02-02 14:54:51', '商品类型', 1, 0, 'productAttr', 'product-attr', 0);
INSERT INTO `ums_menu` VALUES (6, 1, '2020-02-02 14:56:29', '品牌管理', 1, 0, 'brand', 'product-brand', 0);
INSERT INTO `ums_menu` VALUES (7, 0, '2020-02-02 16:54:07', '订单', 0, 0, 'oms', 'order', 0);
INSERT INTO `ums_menu` VALUES (8, 7, '2020-02-02 16:55:18', '订单列表', 1, 0, 'order', 'product-list', 0);
INSERT INTO `ums_menu` VALUES (9, 7, '2020-02-02 16:56:46', '订单设置', 1, 0, 'orderSetting', 'order-setting', 0);
INSERT INTO `ums_menu` VALUES (10, 7, '2020-02-02 16:57:39', '退货申请处理', 1, 0, 'returnApply', 'order-return', 0);
INSERT INTO `ums_menu` VALUES (11, 7, '2020-02-02 16:59:40', '退货原因设置', 1, 0, 'returnReason', 'order-return-reason', 0);
INSERT INTO `ums_menu` VALUES (12, 0, '2020-02-04 16:18:00', '营销', 0, 0, 'sms', 'sms', 0);
INSERT INTO `ums_menu` VALUES (13, 12, '2020-02-04 16:19:22', '秒杀活动列表', 1, 0, 'flash', 'sms-flash', 0);
INSERT INTO `ums_menu` VALUES (14, 12, '2020-02-04 16:20:16', '优惠券列表', 1, 0, 'coupon', 'sms-coupon', 0);
INSERT INTO `ums_menu` VALUES (16, 12, '2020-02-07 16:22:38', '品牌推荐', 1, 0, 'homeBrand', 'product-brand', 0);
INSERT INTO `ums_menu` VALUES (17, 12, '2020-02-07 16:23:14', '新品推荐', 1, 0, 'homeNew', 'sms-new', 0);
INSERT INTO `ums_menu` VALUES (18, 12, '2020-02-07 16:26:38', '人气推荐', 1, 0, 'homeHot', 'sms-hot', 0);
INSERT INTO `ums_menu` VALUES (19, 12, '2020-02-07 16:28:16', '专题推荐', 1, 0, 'homeSubject', 'sms-subject', 0);
INSERT INTO `ums_menu` VALUES (20, 12, '2020-02-07 16:28:42', '广告列表', 1, 0, 'homeAdvertise', 'sms-ad', 0);
INSERT INTO `ums_menu` VALUES (21, 0, '2020-02-07 16:29:13', '权限', 0, 0, 'ums', 'ums', 0);
INSERT INTO `ums_menu` VALUES (22, 21, '2020-02-07 16:29:51', '用户列表', 1, 0, 'admin', 'ums-admin', 0);
INSERT INTO `ums_menu` VALUES (23, 21, '2020-02-07 16:30:13', '角色列表', 1, 0, 'role', 'ums-role', 0);
INSERT INTO `ums_menu` VALUES (24, 21, '2020-02-07 16:30:53', '菜单列表', 1, 0, 'menu', 'ums-menu', 0);
INSERT INTO `ums_menu` VALUES (25, 21, '2020-02-07 16:31:13', '资源列表', 1, 0, 'resource', 'ums-resource', 0);

-- ----------------------------
-- Table structure for ums_permission
-- ----------------------------
DROP TABLE IF EXISTS `ums_permission`;
CREATE TABLE `ums_permission`  (
  `id` bigint(20) NOT NULL AUTO_INCREMENT,
  `pid` bigint(20) NULL DEFAULT NULL COMMENT '父级权限id',
  `name` varchar(100) CHARACTER SET utf8 COLLATE utf8_general_ci NULL DEFAULT NULL COMMENT '名称',
  `value` varchar(200) CHARACTER SET utf8 COLLATE utf8_general_ci NULL DEFAULT NULL COMMENT '权限值',
  `icon` varchar(500) CHARACTER SET utf8 COLLATE utf8_general_ci NULL DEFAULT NULL COMMENT '图标',
  `type` int(1) NULL DEFAULT NULL COMMENT '权限类型：0->目录；1->菜单；2->按钮（接口绑定权限）',
  `uri` varchar(200) CHARACTER SET utf8 COLLATE utf8_general_ci NULL DEFAULT NULL COMMENT '前端资源路径',
  `status` int(1) NULL DEFAULT NULL COMMENT '启用状态；0->禁用；1->启用',
  `create_time` datetime NULL DEFAULT NULL COMMENT '创建时间',
  `sort` int(11) NULL DEFAULT NULL COMMENT '排序',
  PRIMARY KEY (`id`) USING BTREE
) ENGINE = InnoDB AUTO_INCREMENT = 19 CHARACTER SET = utf8 COLLATE = utf8_general_ci COMMENT = '后台用户权限表' ROW_FORMAT = Dynamic;

-- ----------------------------
-- Records of ums_permission
-- ----------------------------
INSERT INTO `ums_permission` VALUES (1, 0, '商品', NULL, NULL, 0, NULL, 1, '2018-09-29 16:15:14', 0);
INSERT INTO `ums_permission` VALUES (2, 1, '商品列表', 'pms:product:read', NULL, 1, '/pms/product/index', 1, '2018-09-29 16:17:01', 0);
INSERT INTO `ums_permission` VALUES (3, 1, '添加商品', 'pms:product:create', NULL, 1, '/pms/product/add', 1, '2018-09-29 16:18:51', 0);
INSERT INTO `ums_permission` VALUES (4, 1, '商品分类', 'pms:productCategory:read', NULL, 1, '/pms/productCate/index', 1, '2018-09-29 16:23:07', 0);
INSERT INTO `ums_permission` VALUES (5, 1, '商品类型', 'pms:productAttribute:read', NULL, 1, '/pms/productAttr/index', 1, '2018-09-29 16:24:43', 0);
INSERT INTO `ums_permission` VALUES (6, 1, '品牌管理', 'pms:brand:read', NULL, 1, '/pms/brand/index', 1, '2018-09-29 16:25:45', 0);
INSERT INTO `ums_permission` VALUES (7, 2, '编辑商品', 'pms:product:update', NULL, 2, '/pms/product/updateProduct', 1, '2018-09-29 16:34:23', 0);
INSERT INTO `ums_permission` VALUES (8, 2, '删除商品', 'pms:product:delete', NULL, 2, '/pms/product/delete', 1, '2018-09-29 16:38:33', 0);
INSERT INTO `ums_permission` VALUES (9, 4, '添加商品分类', 'pms:productCategory:create', NULL, 2, '/pms/productCate/create', 1, '2018-09-29 16:43:23', 0);
INSERT INTO `ums_permission` VALUES (10, 4, '修改商品分类', 'pms:productCategory:update', NULL, 2, '/pms/productCate/update', 1, '2018-09-29 16:43:55', 0);
INSERT INTO `ums_permission` VALUES (11, 4, '删除商品分类', 'pms:productCategory:delete', NULL, 2, '/pms/productAttr/delete', 1, '2018-09-29 16:44:38', 0);
INSERT INTO `ums_permission` VALUES (12, 5, '添加商品类型', 'pms:productAttribute:create', NULL, 2, '/pms/productAttr/create', 1, '2018-09-29 16:45:25', 0);
INSERT INTO `ums_permission` VALUES (13, 5, '修改商品类型', 'pms:productAttribute:update', NULL, 2, '/pms/productAttr/update', 1, '2018-09-29 16:48:08', 0);
INSERT INTO `ums_permission` VALUES (14, 5, '删除商品类型', 'pms:productAttribute:delete', NULL, 2, '/pms/productAttr/delete', 1, '2018-09-29 16:48:44', 0);
INSERT INTO `ums_permission` VALUES (15, 6, '添加品牌', 'pms:brand:create', NULL, 2, '/pms/brand/add', 1, '2018-09-29 16:49:34', 0);
INSERT INTO `ums_permission` VALUES (16, 6, '修改品牌', 'pms:brand:update', NULL, 2, '/pms/brand/update', 1, '2018-09-29 16:50:55', 0);
INSERT INTO `ums_permission` VALUES (17, 6, '删除品牌', 'pms:brand:delete', NULL, 2, '/pms/brand/delete', 1, '2018-09-29 16:50:59', 0);
INSERT INTO `ums_permission` VALUES (18, 0, '首页', NULL, NULL, 0, NULL, 1, '2018-09-29 16:51:57', 0);

-- ----------------------------
-- Table structure for ums_resource
-- ----------------------------
DROP TABLE IF EXISTS `ums_resource`;
CREATE TABLE `ums_resource`  (
  `id` bigint(20) NOT NULL AUTO_INCREMENT,
  `create_time` datetime NULL DEFAULT NULL COMMENT '创建时间',
  `name` varchar(200) CHARACTER SET utf8 COLLATE utf8_general_ci NULL DEFAULT NULL COMMENT '资源名称',
  `url` varchar(200) CHARACTER SET utf8 COLLATE utf8_general_ci NULL DEFAULT NULL COMMENT '资源URL',
  `description` varchar(500) CHARACTER SET utf8 COLLATE utf8_general_ci NULL DEFAULT NULL COMMENT '描述',
  `category_id` bigint(20) NULL DEFAULT NULL COMMENT '资源分类ID',
  PRIMARY KEY (`id`) USING BTREE
) ENGINE = InnoDB AUTO_INCREMENT = 33 CHARACTER SET = utf8 COLLATE = utf8_general_ci COMMENT = '后台资源表' ROW_FORMAT = Dynamic;

-- ----------------------------
-- Records of ums_resource
-- ----------------------------
INSERT INTO `ums_resource` VALUES (1, '2020-02-04 17:04:55', '商品品牌管理', '/brand/**', NULL, 1);
INSERT INTO `ums_resource` VALUES (2, '2020-02-04 17:05:35', '商品属性分类管理', '/productAttribute/category/**', NULL, 1);
INSERT INTO `ums_resource` VALUES (3, '2020-02-04 17:06:13', '商品属性管理', '/productAttribute/**', NULL, 1);
INSERT INTO `ums_resource` VALUES (4, '2020-02-04 17:07:15', '商品分类管理', '/productCategory/**', NULL, 1);
INSERT INTO `ums_resource` VALUES (5, '2020-02-04 17:09:16', '商品管理', '/product/**', NULL, 1);
INSERT INTO `ums_resource` VALUES (6, '2020-02-04 17:09:53', '商品库存管理', '/sku/**', NULL, 1);
INSERT INTO `ums_resource` VALUES (8, '2020-02-05 14:43:37', '订单管理', '/order/**', '', 2);
INSERT INTO `ums_resource` VALUES (9, '2020-02-05 14:44:22', ' 订单退货申请管理', '/returnApply/**', '', 2);
INSERT INTO `ums_resource` VALUES (10, '2020-02-05 14:45:08', '退货原因管理', '/returnReason/**', '', 2);
INSERT INTO `ums_resource` VALUES (11, '2020-02-05 14:45:43', '订单设置管理', '/orderSetting/**', '', 2);
INSERT INTO `ums_resource` VALUES (12, '2020-02-05 14:46:23', '收货地址管理', '/companyAddress/**', '', 2);
INSERT INTO `ums_resource` VALUES (13, '2020-02-07 16:37:22', '优惠券管理', '/coupon/**', '', 3);
INSERT INTO `ums_resource` VALUES (14, '2020-02-07 16:37:59', '优惠券领取记录管理', '/couponHistory/**', '', 3);
INSERT INTO `ums_resource` VALUES (15, '2020-02-07 16:38:28', '限时购活动管理', '/flash/**', '', 3);
INSERT INTO `ums_resource` VALUES (16, '2020-02-07 16:38:59', '限时购商品关系管理', '/flashProductRelation/**', '', 3);
INSERT INTO `ums_resource` VALUES (17, '2020-02-07 16:39:22', '限时购场次管理', '/flashSession/**', '', 3);
INSERT INTO `ums_resource` VALUES (18, '2020-02-07 16:40:07', '首页轮播广告管理', '/home/advertise/**', '', 3);
INSERT INTO `ums_resource` VALUES (19, '2020-02-07 16:40:34', '首页品牌管理', '/home/brand/**', '', 3);
INSERT INTO `ums_resource` VALUES (20, '2020-02-07 16:41:06', '首页新品管理', '/home/newProduct/**', '', 3);
INSERT INTO `ums_resource` VALUES (21, '2020-02-07 16:42:16', '首页人气推荐管理', '/home/recommendProduct/**', '', 3);
INSERT INTO `ums_resource` VALUES (22, '2020-02-07 16:42:48', '首页专题推荐管理', '/home/recommendSubject/**', '', 3);
INSERT INTO `ums_resource` VALUES (23, '2020-02-07 16:44:56', ' 商品优选管理', '/prefrenceArea/**', '', 5);
INSERT INTO `ums_resource` VALUES (24, '2020-02-07 16:45:39', '商品专题管理', '/subject/**', '', 5);
INSERT INTO `ums_resource` VALUES (25, '2020-02-07 16:47:34', '后台用户管理', '/admin/**', '', 4);
INSERT INTO `ums_resource` VALUES (26, '2020-02-07 16:48:24', '后台用户角色管理', '/role/**', '', 4);
INSERT INTO `ums_resource` VALUES (27, '2020-02-07 16:48:48', '后台菜单管理', '/menu/**', '', 4);
INSERT INTO `ums_resource` VALUES (28, '2020-02-07 16:49:18', '后台资源分类管理', '/resourceCategory/**', '', 4);
INSERT INTO `ums_resource` VALUES (29, '2020-02-07 16:49:45', '后台资源管理', '/resource/**', '', 4);
INSERT INTO `ums_resource` VALUES (30, '2020-09-19 15:47:57', '会员等级管理', '/memberLevel/**', '', 7);
INSERT INTO `ums_resource` VALUES (31, '2020-09-19 15:51:29', '获取登录用户信息', '/admin/info', '用户登录必配', 4);
INSERT INTO `ums_resource` VALUES (32, '2020-09-19 15:53:34', '用户登出', '/admin/logout', '用户登出必配', 4);

-- ----------------------------
-- Table structure for ums_resource_category
-- ----------------------------
DROP TABLE IF EXISTS `ums_resource_category`;
CREATE TABLE `ums_resource_category`  (
  `id` bigint(20) NOT NULL AUTO_INCREMENT,
  `create_time` datetime NULL DEFAULT NULL COMMENT '创建时间',
  `name` varchar(200) CHARACTER SET utf8 COLLATE utf8_general_ci NULL DEFAULT NULL COMMENT '分类名称',
  `sort` int(4) NULL DEFAULT NULL COMMENT '排序',
  PRIMARY KEY (`id`) USING BTREE
) ENGINE = InnoDB AUTO_INCREMENT = 8 CHARACTER SET = utf8 COLLATE = utf8_general_ci COMMENT = '资源分类表' ROW_FORMAT = Dynamic;

-- ----------------------------
-- Records of ums_resource_category
-- ----------------------------
INSERT INTO `ums_resource_category` VALUES (1, '2020-02-05 10:21:44', '商品模块', 0);
INSERT INTO `ums_resource_category` VALUES (2, '2020-02-05 10:22:34', '订单模块', 0);
INSERT INTO `ums_resource_category` VALUES (3, '2020-02-05 10:22:48', '营销模块', 0);
INSERT INTO `ums_resource_category` VALUES (4, '2020-02-05 10:23:04', '权限模块', 0);
INSERT INTO `ums_resource_category` VALUES (5, '2020-02-07 16:34:27', '内容模块', 0);
INSERT INTO `ums_resource_category` VALUES (7, '2020-09-19 15:49:08', '其他模块', 0);

-- ----------------------------
-- Table structure for ums_role
-- ----------------------------
DROP TABLE IF EXISTS `ums_role`;
CREATE TABLE `ums_role`  (
  `id` bigint(20) NOT NULL AUTO_INCREMENT,
  `name` varchar(100) CHARACTER SET utf8 COLLATE utf8_general_ci NULL DEFAULT NULL COMMENT '名称',
  `description` varchar(500) CHARACTER SET utf8 COLLATE utf8_general_ci NULL DEFAULT NULL COMMENT '描述',
  `admin_count` int(11) NULL DEFAULT NULL COMMENT '后台用户数量',
  `create_time` datetime NULL DEFAULT NULL COMMENT '创建时间',
  `status` int(1) NULL DEFAULT 1 COMMENT '启用状态：0->禁用；1->启用',
  `sort` int(11) NULL DEFAULT 0,
  PRIMARY KEY (`id`) USING BTREE
) ENGINE = InnoDB AUTO_INCREMENT = 6 CHARACTER SET = utf8 COLLATE = utf8_general_ci COMMENT = '后台用户角色表' ROW_FORMAT = Dynamic;

-- ----------------------------
-- Records of ums_role
-- ----------------------------
INSERT INTO `ums_role` VALUES (1, '商品管理员', '只能查看及操作商品', 0, '2020-02-03 16:50:37', 1, 0);
INSERT INTO `ums_role` VALUES (2, '订单管理员', '只能查看及操作订单', 0, '2018-09-30 15:53:45', 1, 0);
INSERT INTO `ums_role` VALUES (5, '超级管理员', '拥有所有查看和操作功能', 0, '2020-02-02 15:11:05', 1, 0);

-- ----------------------------
-- Table structure for ums_role_menu_relation
-- ----------------------------
DROP TABLE IF EXISTS `ums_role_menu_relation`;
CREATE TABLE `ums_role_menu_relation`  (
  `id` bigint(20) NOT NULL AUTO_INCREMENT,
  `role_id` bigint(20) NULL DEFAULT NULL COMMENT '角色ID',
  `menu_id` bigint(20) NULL DEFAULT NULL COMMENT '菜单ID',
  PRIMARY KEY (`id`) USING BTREE
) ENGINE = InnoDB AUTO_INCREMENT = 127 CHARACTER SET = utf8 COLLATE = utf8_general_ci COMMENT = '后台角色菜单关系表' ROW_FORMAT = Dynamic;

-- ----------------------------
-- Records of ums_role_menu_relation
-- ----------------------------
INSERT INTO `ums_role_menu_relation` VALUES (53, 2, 7);
INSERT INTO `ums_role_menu_relation` VALUES (54, 2, 8);
INSERT INTO `ums_role_menu_relation` VALUES (55, 2, 9);
INSERT INTO `ums_role_menu_relation` VALUES (56, 2, 10);
INSERT INTO `ums_role_menu_relation` VALUES (57, 2, 11);
INSERT INTO `ums_role_menu_relation` VALUES (72, 5, 1);
INSERT INTO `ums_role_menu_relation` VALUES (73, 5, 2);
INSERT INTO `ums_role_menu_relation` VALUES (74, 5, 3);
INSERT INTO `ums_role_menu_relation` VALUES (75, 5, 4);
INSERT INTO `ums_role_menu_relation` VALUES (76, 5, 5);
INSERT INTO `ums_role_menu_relation` VALUES (77, 5, 6);
INSERT INTO `ums_role_menu_relation` VALUES (78, 5, 7);
INSERT INTO `ums_role_menu_relation` VALUES (79, 5, 8);
INSERT INTO `ums_role_menu_relation` VALUES (80, 5, 9);
INSERT INTO `ums_role_menu_relation` VALUES (81, 5, 10);
INSERT INTO `ums_role_menu_relation` VALUES (82, 5, 11);
INSERT INTO `ums_role_menu_relation` VALUES (83, 5, 12);
INSERT INTO `ums_role_menu_relation` VALUES (84, 5, 13);
INSERT INTO `ums_role_menu_relation` VALUES (85, 5, 14);
INSERT INTO `ums_role_menu_relation` VALUES (86, 5, 16);
INSERT INTO `ums_role_menu_relation` VALUES (87, 5, 17);
INSERT INTO `ums_role_menu_relation` VALUES (88, 5, 18);
INSERT INTO `ums_role_menu_relation` VALUES (89, 5, 19);
INSERT INTO `ums_role_menu_relation` VALUES (90, 5, 20);
INSERT INTO `ums_role_menu_relation` VALUES (91, 5, 21);
INSERT INTO `ums_role_menu_relation` VALUES (92, 5, 22);
INSERT INTO `ums_role_menu_relation` VALUES (93, 5, 23);
INSERT INTO `ums_role_menu_relation` VALUES (94, 5, 24);
INSERT INTO `ums_role_menu_relation` VALUES (95, 5, 25);
INSERT INTO `ums_role_menu_relation` VALUES (121, 1, 1);
INSERT INTO `ums_role_menu_relation` VALUES (122, 1, 2);
INSERT INTO `ums_role_menu_relation` VALUES (123, 1, 3);
INSERT INTO `ums_role_menu_relation` VALUES (124, 1, 4);
INSERT INTO `ums_role_menu_relation` VALUES (125, 1, 5);
INSERT INTO `ums_role_menu_relation` VALUES (126, 1, 6);

-- ----------------------------
-- Table structure for ums_role_permission_relation
-- ----------------------------
DROP TABLE IF EXISTS `ums_role_permission_relation`;
CREATE TABLE `ums_role_permission_relation`  (
  `id` bigint(20) NOT NULL AUTO_INCREMENT,
  `role_id` bigint(20) NULL DEFAULT NULL,
  `permission_id` bigint(20) NULL DEFAULT NULL,
  PRIMARY KEY (`id`) USING BTREE
) ENGINE = InnoDB AUTO_INCREMENT = 18 CHARACTER SET = utf8 COLLATE = utf8_general_ci COMMENT = '后台用户角色和权限关系表' ROW_FORMAT = Dynamic;

-- ----------------------------
-- Records of ums_role_permission_relation
-- ----------------------------
INSERT INTO `ums_role_permission_relation` VALUES (1, 1, 1);
INSERT INTO `ums_role_permission_relation` VALUES (2, 1, 2);
INSERT INTO `ums_role_permission_relation` VALUES (3, 1, 3);
INSERT INTO `ums_role_permission_relation` VALUES (4, 1, 7);
INSERT INTO `ums_role_permission_relation` VALUES (5, 1, 8);
INSERT INTO `ums_role_permission_relation` VALUES (6, 2, 4);
INSERT INTO `ums_role_permission_relation` VALUES (7, 2, 9);
INSERT INTO `ums_role_permission_relation` VALUES (8, 2, 10);
INSERT INTO `ums_role_permission_relation` VALUES (9, 2, 11);
INSERT INTO `ums_role_permission_relation` VALUES (10, 3, 5);
INSERT INTO `ums_role_permission_relation` VALUES (11, 3, 12);
INSERT INTO `ums_role_permission_relation` VALUES (12, 3, 13);
INSERT INTO `ums_role_permission_relation` VALUES (13, 3, 14);
INSERT INTO `ums_role_permission_relation` VALUES (14, 4, 6);
INSERT INTO `ums_role_permission_relation` VALUES (15, 4, 15);
INSERT INTO `ums_role_permission_relation` VALUES (16, 4, 16);
INSERT INTO `ums_role_permission_relation` VALUES (17, 4, 17);

-- ----------------------------
-- Table structure for ums_role_resource_relation
-- ----------------------------
DROP TABLE IF EXISTS `ums_role_resource_relation`;
CREATE TABLE `ums_role_resource_relation`  (
  `id` bigint(20) NOT NULL AUTO_INCREMENT,
  `role_id` bigint(20) NULL DEFAULT NULL COMMENT '角色ID',
  `resource_id` bigint(20) NULL DEFAULT NULL COMMENT '资源ID',
  PRIMARY KEY (`id`) USING BTREE
) ENGINE = InnoDB AUTO_INCREMENT = 249 CHARACTER SET = utf8 COLLATE = utf8_general_ci COMMENT = '后台角色资源关系表' ROW_FORMAT = Dynamic;

-- ----------------------------
-- Records of ums_role_resource_relation
-- ----------------------------
INSERT INTO `ums_role_resource_relation` VALUES (194, 5, 1);
INSERT INTO `ums_role_resource_relation` VALUES (195, 5, 2);
INSERT INTO `ums_role_resource_relation` VALUES (196, 5, 3);
INSERT INTO `ums_role_resource_relation` VALUES (197, 5, 4);
INSERT INTO `ums_role_resource_relation` VALUES (198, 5, 5);
INSERT INTO `ums_role_resource_relation` VALUES (199, 5, 6);
INSERT INTO `ums_role_resource_relation` VALUES (200, 5, 8);
INSERT INTO `ums_role_resource_relation` VALUES (201, 5, 9);
INSERT INTO `ums_role_resource_relation` VALUES (202, 5, 10);
INSERT INTO `ums_role_resource_relation` VALUES (203, 5, 11);
INSERT INTO `ums_role_resource_relation` VALUES (204, 5, 12);
INSERT INTO `ums_role_resource_relation` VALUES (205, 5, 13);
INSERT INTO `ums_role_resource_relation` VALUES (206, 5, 14);
INSERT INTO `ums_role_resource_relation` VALUES (207, 5, 15);
INSERT INTO `ums_role_resource_relation` VALUES (208, 5, 16);
INSERT INTO `ums_role_resource_relation` VALUES (209, 5, 17);
INSERT INTO `ums_role_resource_relation` VALUES (210, 5, 18);
INSERT INTO `ums_role_resource_relation` VALUES (211, 5, 19);
INSERT INTO `ums_role_resource_relation` VALUES (212, 5, 20);
INSERT INTO `ums_role_resource_relation` VALUES (213, 5, 21);
INSERT INTO `ums_role_resource_relation` VALUES (214, 5, 22);
INSERT INTO `ums_role_resource_relation` VALUES (215, 5, 23);
INSERT INTO `ums_role_resource_relation` VALUES (216, 5, 24);
INSERT INTO `ums_role_resource_relation` VALUES (217, 5, 25);
INSERT INTO `ums_role_resource_relation` VALUES (218, 5, 26);
INSERT INTO `ums_role_resource_relation` VALUES (219, 5, 27);
INSERT INTO `ums_role_resource_relation` VALUES (220, 5, 28);
INSERT INTO `ums_role_resource_relation` VALUES (221, 5, 29);
INSERT INTO `ums_role_resource_relation` VALUES (222, 5, 30);
INSERT INTO `ums_role_resource_relation` VALUES (232, 2, 8);
INSERT INTO `ums_role_resource_relation` VALUES (233, 2, 9);
INSERT INTO `ums_role_resource_relation` VALUES (234, 2, 10);
INSERT INTO `ums_role_resource_relation` VALUES (235, 2, 11);
INSERT INTO `ums_role_resource_relation` VALUES (236, 2, 12);
INSERT INTO `ums_role_resource_relation` VALUES (237, 2, 31);
INSERT INTO `ums_role_resource_relation` VALUES (238, 2, 32);
INSERT INTO `ums_role_resource_relation` VALUES (239, 1, 1);
INSERT INTO `ums_role_resource_relation` VALUES (240, 1, 2);
INSERT INTO `ums_role_resource_relation` VALUES (241, 1, 3);
INSERT INTO `ums_role_resource_relation` VALUES (242, 1, 4);
INSERT INTO `ums_role_resource_relation` VALUES (243, 1, 5);
INSERT INTO `ums_role_resource_relation` VALUES (244, 1, 6);
INSERT INTO `ums_role_resource_relation` VALUES (245, 1, 23);
INSERT INTO `ums_role_resource_relation` VALUES (246, 1, 24);
INSERT INTO `ums_role_resource_relation` VALUES (247, 1, 31);
INSERT INTO `ums_role_resource_relation` VALUES (248, 1, 32);

SET FOREIGN_KEY_CHECKS = 1;
